Protein ID,X-Ray PDB ID,X-Ray Resolution,X-Ray Position,NMR PDB ID,NMR Resolution,NMR Position
A0A024R102,,,,,,
A0A024R152,,,,,,
A0A024R167,,,,,,
A0A024R1C4,,,,,,
A0A024R1E2,,,,,,
A0A024R1G4,,,,,,
A0A024R1K2,,,,,,
A0A024R1N5,,,,,,
A0A024R1T4,,,,,,
A0A024R258,,,,,,
A0A024R3J3,,,,,,
A0A024R3N2,,,,,,
A0A024R4A5,,,,,,
A0A024R502,,,,,,
A0A024R5C3,,,,,,
A0A024R5M9,,,,,,
A0A024R734,,,,,,
A0A024R7V7,,,,,,
A0A024R7W4,,,,,,
A0A024R7W5,,,,,,
A0A024R872,,,,,,
A0A024R9L9,,,,,,
A0A024R9U8,,,,,,
A0A024RB65,,,,,,
A0A024RB92,,,,,,
A0A024RBB0,,,,,,
A0A024RBS8,,,,,,
A0A024RD50,,,,,,
A0A024RDH6,,,,,,
A0A024RDX6,,,,,,
A0A075B6E5,,,,,,
A0A075B6F3,,,,,,
A0A075B6W5,,,,,,
A0A075B749,,,,,,
A0A087WT04,,,,,,
A0A087WT45,,,,,,
A0A087WT53,,,,,,
A0A087WU44,,,,,,
A0A087WUA7,,,,,,
A0A087WV02,,,,,,
A0A087WV29,,,,,,
A0A087WV69,,,,,,
A0A087WV97,,,,,,
A0A087WVF7,,,,,,
A0A087WVF8,,,,,,
A0A087WW63,,,,,,
A0A087WW81,,,,,,
A0A087WW92,,,,,,
A0A087WWG1,,,,,,
A0A087WWH3,,,,,,
A0A087WWW7,,,,,,
A0A087WX83,,,,,,
A0A087WX84,,,,,,
A0A087WXD9,,,,,,
A0A087WXI0,,,,,,
A0A087WXK3,,,,,,
A0A087WXU1,,,,,,
A0A087WY31,,,,,,
A0A087WY61,,,,,,
A0A087WZ03,,,,,,
A0A087WZK9,,,,,,
A0A087WZR3,,,,,,
A0A087X0G5,,,,,,
A0A087X0H8,,,,,,
A0A087X0Q1,,,,,,
A0A087X1A8,,,,,,
A0A087X1E4,,,,,,
A0A087X1T2,,,,,,
A0A087X2A7,,,,,,
A0A087X2G3,,,,,,
A0A090N8E7,,,,,,
A0A0A0MQW9,,,,,,
A0A0A0MQZ3,,,,,,
A0A0A0MR11,,,,,,
A0A0A0MR59,,,,,,
A0A0A0MR70,,,,,,
A0A0A0MRA5,,,,,,
A0A0A0MRE6,,,,,,
A0A0A0MRF6,,,,,,
A0A0A0MRS1,,,,,,
A0A0A0MS38,,,,,,
A0A0A0MS57,,,,,,
A0A0A0MSI2,,,,,,
A0A0A0MSK5,,,,,,
A0A0A0MSK6,,,,,,
A0A0A0MSP7,,,,,,
A0A0A0MT00,,,,,,
A0A0A0MT33,,,,,,
A0A0A0MT46,,,,,,
A0A0A0MT56,,,,,,
A0A0A0MTC1,,,,,,
A0A0A6YYG5,,,,,,
A0A0B4J276,,,,,,
A0A0C4DFN5,,,,,,
A0A0C4DFQ4,,,,,,
A0A0C4DFR1,,,,,,
A0A0C4DG40,,,,,,
A0A0C4DG68,,,,,,
A0A0C4DG88,,,,,,
A0A0C4DG90,,,,,,
A0A0C4DG93,,,,,,
A0A0C4DGG8,,,,,,
A0A0C4DGH3,,,,,,
A0A0C4DGI9,,,,,,
A0A0C4DGT9,,,,,,
A0A0C4DGU8,,,,,,
A0A0D9SF16,,,,,,
A0A0G2JHL6,,,,,,
A0A0G2JII5,,,,,,
A0A0G2JM16,,,,,,
A0A0G2JN70,,,,,,
A0A0G2JNU8,,,,,,
A0A0G2JPA4,,,,,,
A0A0G2JPU2,,,,,,
A0A0G2JQM2,,,,,,
A0A0G2JR50,,,,,,
A0A0G2JS92,,,,,,
A0A0G2JSD9,,,,,,
A0A0H3W5T2,,,,,,
A0A0J9YXJ0,,,,,,
A0A0J9YY01,,,,,,
A0A0K2GUT3,,,,,,
A0A0M3L9V7,,,,,,
A0A0S2Z417,,,,,,
A0A0S2Z454,,,,,,
A0A0S2Z4C8,,,,,,
A0A0S2Z4N0,,,,,,
A0A0S2Z596,,,,,,
A0A0S2Z5C2,,,,,,
A0A0S2Z5G4,,,,,,
A0A0S2Z5M2,,,,,,
A0A0U1RQC7,,,,,,
A0A0U1RQE0,,,,,,
A0A0U1RQE6,,,,,,
A0A0U1RQK4,,,,,,
A0A0U1RQM2,,,,,,
A0A0U1RQP7,,,,,,
A0A0U1RQR8,,,,,,
A0A0U1RQY3,,,,,,
A0A0U1RR87,,,,,,
A0A0U1RRA6,,,,,,
A0A0U1RRL7,,,,,,
A0A0U1RRM6,,,,,,
A0A0U3MX95,,,,,,
A0A0U4C5A9,,,,,,
A0A120HV04,,,,,,
A0A140T936,,,,,,
A0A140TA74,,,,,,
A0A140VJN1,,,,,,
A0A172Q381,,,,,,
A0A1B0GTC4,,,,,,
A0A1B0GTD9,,,,,,
A0A1B0GTI1,,,,,,
A0A1B0GTN9,,,,,,
A0A1B0GTR8,,,,,,
A0A1B0GTU5,,,,,,
A0A1B0GTW1,,,,,,
A0A1B0GTW2,,,,,,
A0A1B0GU09,,,,,,
A0A1B0GU24,,,,,,
A0A1B0GU44,,,,,,
A0A1B0GU65,,,,,,
A0A1B0GU81,,,,,,
A0A1B0GU98,,,,,,
A0A1B0GUM1,,,,,,
A0A1B0GUN0,,,,,,
A0A1B0GUN3,,,,,,
A0A1B0GUS3,,,,,,
A0A1B0GUZ3,,,,,,
A0A1B0GV03,,,,,,
A0A1B0GV92,,,,,,
A0A1B0GVI7,,,,,,
A0A1B0GVQ3,,,,,,
A0A1B0GVR9,,,,,,
A0A1B0GVZ7,,,,,,
A0A1B0GW10,,,,,,
A0A1B0GW31,,,,,,
A0A1B0GX09,,,,,,
A0A1C7CYY9,,,,,,
A0A1U9X799,,,,,,
A0A1U9X7A9,,,,,,
A0A1U9X7G7,,,,,,
A0A1U9X7H1,,,,,,
A0A1U9X996,,,,,,
A0A1U9X9A5,,,,,,
A0A1W2PNE7,,,,,,
A0A1W2PNT5,,,,,,
A0A1W2PNZ9,,,,,,
A0A1W2PPK0,,,,,,
A0A1W2PPM1,,,,,,
A0A1W2PQ15,,,,,,
A0A1W2PQJ7,,,,,,
A0A1W2PQS1,,,,,,
A0A1W2PQY5,,,,,,
A0A1W2PS63,,,,,,
A0A286YF23,,,,,,
A0A2P9A9S7,,,,,,
A0A2P9AAK9,,,,,,
A0A2P9ABC1,,,,,,
A0A2P9ACB3,,,,,,
A0A2P9ACR8,,,,,,
A0A2P9ADH8,,,,,,
A0A2P9ADL1,,,,,,
A0A2P9AF48,,,,,,
A0A2P9AFP6,,,,,,
A0A2P9AJP0,,,,,,
A0A2P9AJR6,,,,,,
A0A2P9AMK5,,,,,,
A0A2P9ANC4,,,,,,
A0A2P9AQT4,,,,,,
A0A2P9ASM3,,,,,,
A0A2P9ASM9,,,,,,
A0A2P9ATD0,,,,,,
A0A2P9ATS8,,,,,,
A0A2P9ATU8,,,,,,
A0A2P9AVQ3,,,,,,
A0A2P9AWH6,,,,,,
A0A2P9AXX3,,,,,,
A0A2P9AXZ7,,,,,,
A0A2Q2TH77,,,,,,
A0AUX1,,,,,,
A0AUY7,,,,,,
A0PJB6,,,,,,
A1A5A9,,,,,,
A1A5D9,,,,,,
A1L0S7,,,,,,
A1L0S8,,,,,,
A2A305,,,,,,
A2BDE7,,,,,,
A2NFR4,,,,,,
A2RRS3,,,,,,
A2RUB6,,,,,,
A2VCQ9,,,,,,
A2VDH9,,,,,,
A2VDJ0,,,,,,
A2VDJ4,,,,,,
A3KFK1,,,,,,
A3KFK2,,,,,,
A3KMG1,,,,,,
A4D0S4,,,,,,
A4D1A8,,,,,,
A4D1E1,,,,,,
A4D1E4,,,,,,
A4D2E1,,,,,,
A4FU49,,,,,,
A4FU96,,,,,,
A4FU97,,,,,,
A4QPE1,,,,,,
A4UGR9,4F14,1.20,2245-2257,,,
A5D8W1,,,,,,
A5D8Z4,,,,,,
A5HML1,,,,,,
A5PLL1,,,,,,
A6H8W8,,,,,,
A6H8X0,,,,,,
A6NC89,,,,,,
A6NE01,,,,,,
A6NEM2,,,,,,
A6NGG8,,,,,,
A6NIY4,,,,,,
A6NK53,,,,,,
A6NKU9,,,,,,
A6NNK5,,,,,,
A6NP16,,,,,,
A7MBM6,,,,,,
A7MCY6,,,,,,
A8CTZ0,,,,,,
A8K033,,,,,,
A8K081,,,,,,
A8K122,,,,,,
A8K194,,,,,,
A8K2Z9,,,,,,
A8K3W4,,,,,,
A8K3Y6,,,,,,
A8K720,,,,,,
A8K8L1,,,,,,
A8K8P3,,,,2K2I,-,641-660
A8KAH2,,,,,,
A8MTU2,,,,,,
A8MUV4,,,,,,
A8MV53,,,,,,
A8MZ36,,,,,,
B0I1S4,,,,,,
B0QY86,,,,,,
B0QYS6,,,,,,
B0QYS7,,,,,,
B0QZ55,,,,,,
B0YIZ1,,,,,,
B0YJC5,,,,,,
B1AHD1,,,,,,
B1AJU2,,,,,,
B1AKD8,,,,,,
B1AL88,,,,,,
B1AMA2,,,,,,
B1APH4,,,,,,
B1AQ29,,,,,,
B2BY28,,,,,,
B2R8A2,,,,,,
B2RA86,,,,,,
B2RCA2,,,,,,
B2REC8,,,,,,
B2RTQ5,,,,,,
B2RXF0,,,,,,
B2ZDQ1,,,,,,
B3KM38,,,,,,
B3KM60,,,,,,
B3KMZ9,,,,,,
B3KN48,,,,,,
B3KP57,,,,,,
B3KQ62,,,,,,
B3KQW0,,,,,,
B3KR37,,,,,,
B3KRA8,,,,,,
B3KRE9,,,,,,
B3KRK0,,,,,,
B3KRK8,,,,,,
B3KRM3,,,,,,
B3KS47,,,,,,
B3KS98,,,,,,
B3KSB3,,,,,,
B3KSX2,,,,,,
B3KT42,,,,,,
B3KTH8,,,,,,
B3KTN0,,,,,,
B3KTW4,,,,,,
B3KU37,,,,,,
B3KU63,,,,,,
B3KUM1,,,,,,
B3KUR6,,,,,,
B3KUU9,,,,,,
B3KVE2,,,,,,
B3KWH4,,,,,,
B3KWP2,,,,,,
B3KWU4,,,,,,
B3KWW8,,,,,,
B3KX39,,,,,,
B3KXF6,,,,,,
B3KXK2,,,,,,
B3KXW9,,,,,,
B3KYA9,,,,,,
B3VRK5,,,,,,
B3VTS8,,,,,,
B4DDE7,,,,,,
B4DDZ2,,,,,,
B4DE42,,,,,,
B4DE54,,,,,,
B4DEM8,,,,,,
B4DEQ6,,,,,,
B4DEY4,,,,,,
B4DF07,,,,,,
B4DF22,,,,,,
B4DF54,,,,,,
B4DFD9,,,,,,
B4DFX6,,,,,,
B4DG08,,,,,,
B4DG60,,,,,,
B4DG61,,,,,,
B4DGD6,,,,,,
B4DGF6,,,,,,
B4DGQ9,,,,,,
B4DH21,,,,,,
B4DH37,,,,,,
B4DH66,,,,,,
B4DH95,,,,,,
B4DHA1,,,,,,
B4DHH6,,,,,,
B4DHH8,,,,,,
B4DHI1,,,,,,
B4DHK1,,,,,,
B4DIB6,,,,,,
B4DIN7,,,,,,
B4DIR9,,,,,,
B4DIS0,,,,,,
B4DJH6,,,,,,
B4DJV8,,,,,,
B4DK97,,,,,,
B4DKB9,,,,,,
B4DKI9,,,,,,
B4DKU3,,,,,,
B4DKV6,,,,,,
B4DL21,,,,,,
B4DL88,,,,,,
B4DL98,,,,,,
B4DLC8,,,,,,
B4DLE1,,,,,,
B4DLU3,,,,,,
B4DLW1,,,,,,
B4DM27,,,,,,
B4DM43,,,,,,
B4DM66,,,,,,
B4DMA8,,,,,,
B4DMB2,,,,,,
B4DMK5,,,,,,
B4DMV4,,,,,,
B4DN36,,,,,,
B4DN68,,,,,,
B4DN85,,,,,,
B4DNR7,,,,,,
B4DPC1,,,,,,
B4DPG6,,,,,,
B4DPK0,,,,,,
B4DPR1,,,,,,
B4DPU0,,,,,,
B4DPV2,,,,,,
B4DPW8,,,,,,
B4DQ49,,,,,,
B4DQL3,,,,,,
B4DQN8,,,,,,
B4DQR8,,,,,,
B4DQW7,,,,,,
B4DR08,,,,,,
B4DR65,,,,,,
B4DRB6,,,,,,
B4DRP8,,,,,,
B4DRS8,,,,,,
B4DRU9,,,,,,
B4DRX0,,,,,,
B4DSN8,,,,,,
B4DST1,,,,,,
B4DT23,,,,,,
B4DT65,,,,,,
B4DT94,,,,,,
B4DTD4,,,,,,
B4DTP3,,,,,,
B4DTW9,,,,,,
B4DTY7,,,,,,
B4DTZ9,,,,,,
B4DU05,,,,,,
B4DU15,,,,,,
B4DU24,,,,,,
B4DU33,,,,,,
B4DU44,,,,,,
B4DUB1,,,,,,
B4DUE5,,,,,,
B4DUF7,,,,,,
B4DUG4,,,,,,
B4DV06,,,,,,
B4DVQ2,,,,,,
B4DVS8,,,,,,
B4DVV1,,,,,,
B4DWB3,,,,,,
B4DWF6,,,,,,
B4DWL1,,,,,,
B4DWR5,,,,,,
B4DX23,,,,,,
B4DX26,,,,,,
B4DX97,,,,,,
B4DXH2,,,,,,
B4DY25,,,,,,
B4DY59,,,,,,
B4DY85,,,,,,
B4DYE2,,,,,,
B4DYF4,,,,,,
B4DYF9,,,,,,
B4DYM7,,,,,,
B4DYQ1,,,,,,
B4DYR7,,,,,,
B4DYT5,,,,,,
B4DYU3,,,,,,
B4DYU7,,,,,,
B4DZ54,,,,,,
B4DZ64,,,,,,
B4DZF6,,,,,,
B4DZJ6,,,,,,
B4DZM1,,,,,,
B4DZX0,,,,,,
B4E008,,,,,,
B4E063,,,,,,
B4E091,,,,,,
B4E0A3,,,,,,
B4E0R5,,,,,,
B4E129,,,,,,
B4E151,,,,,,
B4E1D4,,,,,,
B4E1M3,,,,,,
B4E1U2,,,,,,
B4E1Z2,,,,,,
B4E231,,,,,,
B4E247,,,,,,
B4E2D4,,,,,,
B4E2J7,,,,,,
B4E2K2,,,,,,
B4E2V3,,,,,,
B4E392,,,,,,
B4E3H4,,,,,,
B4E3L4,,,,,,
B4E3N9,,,,,,
B5MCF1,,,,,,
B5MCG9,,,,,,
B5MCN7,,,,,,
B5MCU0,,,,,,
B5MCX3,,,,,,
B5MD46,,,,,,
B7WNT5,,,,,,
B7Z240,,,,,,
B7Z2H6,,,,,,
B7Z2S1,,,,,,
B7Z2U5,,,,,,
B7Z3A4,,,,,,
B7Z3J2,,,,,,
B7Z432,,,,,,
B7Z4B8,,,,,,
B7Z5C6,,,,,,
B7Z5H6,,,,,,
B7Z5W0,,,,,,
B7Z695,,,,,,
B7Z6D2,,,,,,
B7Z7D4,,,,,,
B7Z7H3,,,,,,
B7Z803,,,,,,
B7Z863,,,,,,
B7Z876,,,,,,
B7Z879,,,,,,
B7Z8E3,,,,,,
B7Z8F8,,,,,,
B7Z8I2,,,,,,
B7Z8J2,,,,,,
B7Z8L3,,,,,,
B7Z8M2,,,,,,
B7Z8M9,,,,,,
B7Z8V6,,,,,,
B7Z954,,,,,,
B7ZA74,,,,,,
B7ZKX1,,,,,,
B7ZL21,,,,,,
B7ZL72,,,,,,
B7ZLC4,,,,,,
B7ZLH2,,,,,,
B7ZLK5,,,,,,
B7ZLN9,,,,,,
B7ZMJ3,,,,,,
B8XCX8,,,,,,
B9DI82,,,,,,
B9EIJ4,,,,,,
B9EK46,,,,,,
B9EK61,,,,,,
C0JKD5,,,,,,
C0JKD6,,,,,,
C0LUL1,,,,,,
C7AZ55,,,,,,
C9J0Q5,,,,,,
C9J1N5,,,,,,
C9J235,,,,,,
C9J2C1,,,,,,
C9J4L5,,,,,,
C9J4Q7,,,,,,
C9J5T4,,,,,,
C9J715,,,,,,
C9J7T7,,,,,,
C9J835,,,,,,
C9J896,,,,,,
C9JA20,,,,,,
C9JBE8,,,,,,
C9JBI8,,,,,,
C9JC47,,,,,,
C9JCQ3,,,,,,
C9JD84,,,,,,
C9JDD7,,,,,,
C9JEK5,,,,,,
C9JES0,,,,,,
C9JH18,,,,,,
C9JHW1,,,,,,
C9JIR0,,,,,,
C9JJ12,,,,,,
C9JJK5,,,,,,
C9JJY0,,,,,,
C9JJZ6,,,,,,
C9JLN7,,,,,,
C9JN33,,,,,,
C9JQP8,,,,,,
C9JQV6,,,,,,
C9JS61,,,,,,
C9JTA2,,,,,,
C9JUG3,,,,,,
C9JVY5,,,,,,
C9JWK5,,,,,,
C9JYI7,,,,,,
C9K086,,,,,,
C9K0C9,,,,,,
C9K0S7,,,,,,
D2CT63,,,,,,
D2CT64,,,,,,
D2CT65,,,,,,
D2CT66,,,,,,
D2CT68,,,,,,
D2CT69,,,,,,
D2CT71,,,,,,
D2CT72,,,,,,
D2CT73,,,,,,
D2CTD2,,,,,,
D2CTD5,,,,,,
D2CTD6,,,,,,
D2CTD9,,,,,,
D2CTE1,,,,,,
D2CTE3,,,,,,
D2CTE8,,,,,,
D2CTE9,,,,,,
D2CTF0,,,,,,
D2CTF1,,,,,,
D2CTF2,,,,,,
D2CTF3,,,,,,
D2CTF4,,,,,,
D2CTF5,,,,,,
D2CTF7,,,,,,
D2CTF8,,,,,,
D2CTG1,,,,,,
D2CTG3,,,,,,
D2KF13,,,,,,
D3DQT7,,,,,,
D3DR32,,,,,,
D3DSN9,,,,,,
D3DT44,,,,,,
D3DTW3,,,,,,
D3DUR9,,,,,,
D3DUX0,,,,,,
D3DV25,,,,,,
D3DVA8,,,,,,
D3DVB3,,,,,,
D3DVJ3,,,,,,
D3DW56,,,,,,
D3DWL0,,,,,,
D3DWY6,,,,,,
D3VVA9,,,,,,
D3VVB0,,,,,,
D3VVB2,,,,,,
D3VVB3,,,,,,
D3VVB6,,,,,,
D3VVC4,,,,,,
D3VVC7,,,,,,
D3VVC9,,,,,,
D3VVD1,,,,,,
D3VVD3,,,,,,
D3VVD6,,,,,,
D3VVD9,,,,,,
D3VVE3,,,,,,
D3VVE5,,,,,,
D3VVE6,,,,,,
D3VVF3,,,,,,
D3VVF6,,,,,,
D3VVF7,,,,,,
D3VVF9,,,,,,
D3VVG0,,,,,,
D3VVG1,,,,,,
D3VVG4,,,,,,
D3VVG5,,,,,,
D3VVH0,,,,,,
D3VVH3,,,,,,
D3VVH4,,,,,,
D3VVH5,,,,,,
D3VVH7,,,,,,
D3VVH8,,,,,,
D3VVI0,,,,,,
D3VVI1,,,,,,
D3VVI2,,,,,,
D3VVI3,,,,,,
D3VVI5,,,,,,
D3VVI8,,,,,,
D3VVJ1,,,,,,
D3VVJ2,,,,,,
D3VVJ4,,,,,,
D3VVJ5,,,,,,
D3VVJ7,,,,,,
D3VVJ8,,,,,,
D3VVJ9,,,,,,
D3VVK1,,,,,,
D3VVK3,,,,,,
D3VVK7,,,,,,
D3VVK8,,,,,,
D3VVL2,,,,,,
D3VVL4,,,,,,
D3VVL5,,,,,,
D3VVL6,,,,,,
D3VVL7,,,,,,
D3VVL8,,,,,,
D3VVL9,,,,,,
D3VVM0,,,,,,
D3VVM1,,,,,,
D3VVM3,,,,,,
D3VVM4,,,,,,
D3VVM5,,,,,,
D3VVN0,,,,,,
D3VVN1,,,,,,
D3VVN2,,,,,,
D3VVN3,,,,,,
D3VVN4,,,,,,
D3VVN5,,,,,,
D3VVN7,,,,,,
D3VVN9,,,,,,
D3VVP0,,,,,,
D3VVP4,,,,,,
D3VVP5,,,,,,
D3VVP8,,,,,,
D3VVP9,,,,,,
D3VVQ3,,,,,,
D3VVQ5,,,,,,
D3VVQ6,,,,,,
D3VVQ7,,,,,,
D3VVR2,,,,,,
D3VVR3,,,,,,
D3VVR4,,,,,,
D3VVR5,,,,,,
D3VVR6,,,,,,
D3VVR7,,,,,,
D3VVR8,,,,,,
D3VVR9,,,,,,
D3VVS0,,,,,,
D3VVS1,,,,,,
D3VVS5,,,,,,
D3VVT0,,,,,,
D3VVT1,,,,,,
D3VVT6,,,,,,
D3YTJ2,,,,,,
D5HR46,,,,,,
D6PAV9,,,,,,
D6RBH1,,,,,,
D6RC65,,,,,,
D6RD21,,,,,,
D6RDY6,,,,,,
D6REC4,,,,,,
D6REX3,,,,,,
D6RF55,,,,,,
D6RFM1,,,,,,
D6RGZ3,,,,,,
D6RIA3,,,,,,
D6RTK6,,,,,,
D6W623,,,,,,
E5RGT6,,,,,,
E5RH64,,,,,,
E7ENC5,,,,,,
E7ENN3,,,,,,
E7ENS9,,,,,,
E7EPJ2,,,,,,
E7EPN6,,,,,,
E7EPN9,,,,,,
E7EQS8,,,,,,
E7ER26,,,,,,
E7ERW7,,,,,,
E7ESB6,,,,,,
E7ESR8,,,,,,
E7ET67,,,,,,
E7ETD6,,,,,,
E7EU81,,,,,,
E7EVZ1,,,,,,
E7EWD6,,,,,,
E7EWM1,,,,,,
E7EX82,,,,,,
E9PAK5,,,,,,
E9PBB9,,,,,,
E9PC87,,,,,,
E9PD50,,,,,,
E9PDN5,,,,,,
E9PE19,,,,,,
E9PE96,,,,,,
E9PED7,,,,,,
E9PF19,,,,,,
E9PFB4,,,,,,
E9PFB9,,,,,,
E9PFH2,,,,,,
E9PHH0,,,,,,
E9PIY2,,,,,,
E9PL27,,,,,,
E9PL74,,,,,,
E9PLV1,,,,,,
E9PMC9,,,,,,
E9PMP7,,,,,,
E9PMS6,,,,,,
E9PMT2,,,,,,
E9PN76,,,,,,
E9PNA6,,,,,,
E9PP99,,,,,,
E9PQ01,,,,,,
E9PQM3,,,,,,
E9PR38,,,,,,
E9PRS0,,,,,,
E9PSG0,,,,,,
F1D8P7,,,,,,
F1T0K4,,,,,,
F2FB34,,,,,,
F2Z3A8,,,,,,
F5GWA7,,,,,,
F5GWT4,,,,,,
F5GXF5,,,,,,
F5GXQ8,,,,,,
F5GZK9,,,,,,
F5H0I3,,,,,,
F5H211,,,,,,
F5H269,,,,,,
F5H2E6,,,,,,
F5H2X7,,,,,,
F5H4B6,,,,,,
F5H4N4,,,,,,
F5H7D6,,,,,,
F5H8E7,,,,,,
F6QTA4,,,,,,
F6X344,,,,,,
F6XZD3,,,,,,
F8VQP2,,,,,,
F8VSD5,,,,,,
F8VU11,,,,,,
F8VU39,,,,,,
F8VU56,,,,,,
F8VVW7,,,,,,
F8VVX6,,,,,,
F8VW95,,,,,,
F8VWL0,,,,,,
F8VX55,,,,,,
F8VXC8,,,,,,
F8VYL0,,,,,,
F8VZC1,,,,,,
F8W108,,,,,,
F8W1J4,,,,,,
F8W6A0,,,,,,
F8W726,,,,,,
F8W785,,,,,,
F8W946,,,,,,
F8W9F9,,,,,,
F8WAE6,,,,,,
F8WB05,,,,,,
F8WB06,,,,,,
F8WCI3,,,,,,
F8WCU9,,,,,,
F8WD26,,,,,,
F8WEU7,,,,,,
G3V1P5,,,,,,
G3V1Q5,,,,,,
G3V236,,,,,,
G3V2G1,,,,,,
G3V2G2,,,,,,
G3V2J9,,,,,,
G3V3R7,,,,,,
G3V3T6,,,,,,
G3V3U6,,,,,,
G3V4R8,,,,,,
G3V4Y7,,,,,,
G3V577,,,,,,
G3V599,,,,,,
G5E963,,,,,,
G5EA06,,,,,,
G5EA30,,,,,,
H0Y2M0,,,,,,
H0Y2R3,,,,,,
H0Y2R6,,,,,,
H0Y2W2,,,,,,
H0Y2X5,,,,,,
H0Y2Y8,,,,,,
H0Y362,,,,,,
H0Y390,,,,,,
H0Y3K4,,,,,,
H0Y424,,,,,,
H0Y474,,,,,,
H0Y488,,,,,,
H0Y493,,,,,,
H0Y4E8,,,,,,
H0Y4R4,,,,,,
H0Y5D5,,,,,,
H0Y5I7,,,,,,
H0Y623,,,,,,
H0Y638,,,,,,
H0Y6K5,,,,,,
H0Y6Y0,,,,,,
H0Y720,,,,,,
H0Y765,,,,,,
H0Y7H8,,,,,,
H0Y7J9,,,,,,
H0Y7L6,,,,,,
H0Y7M0,,,,,,
H0Y7R3,,,,,,
H0Y7T5,,,,,,
H0Y7V5,,,,,,
H0Y7Z4,,,,,,
H0Y803,,,,,,
H0Y865,,,,,,
H0Y867,,,,,,
H0Y882,,,,,,
H0Y8P2,,,,,,
H0Y8V7,,,,,,
H0Y8W8,,,,,,
H0Y904,,,,,,
H0Y920,,,,,,
H0Y961,,,,,,
H0Y9G8,,,,,,
H0Y9P1,,,,,,
H0YAB3,,,,,,
H0YAD4,,,,,,
H0YB49,,,,,,
H0YBB6,,,,,,
H0YBC8,,,,,,
H0YBG5,,,,,,
H0YBS0,,,,,,
H0YBV3,,,,,,
H0YCE3,,,,,,
H0YCS3,,,,,,
H0YDE2,,,,,,
H0YDJ4,,,,,,
H0YDK8,,,,,,
H0YDM2,,,,,,
H0YDN1,,,,,,
H0YDP6,,,,,,
H0YDQ3,,,,,,
H0YDQ5,,,,,,
H0YEH2,,,,,,
H0YEL0,,,,,,
H0YET8,,,,,,
H0YEZ9,,,,,,
H0YF09,,,,,,
H0YFY6,,,,,,
H0YG27,,,,,,
H0YGK7,,,,,,
H0YGV0,,,,,,
H0YH79,,,,,,
H0YH87,,,,,,
H0YHX7,,,,,,
H0YI12,,,,,,
H0YIR4,,,,,,
H0YJ97,,,,,,
H0YJV5,,,,,,
H0YK27,,,,,,
H0YKH5,,,,,,
H0YLI3,,,,,,
H0YLQ3,,,,,,
H0YM23,,,,,,
H0YMR0,,,,,,
H3BM60,,,,,,
H3BMH7,,,,,,
H3BPE1,,,,,,
H3BQK9,,,,,,
H3BRN2,,,,,,
H3BSE0,,,,,,
H3BSM9,,,,,,
H3BTQ1,,,,,,
H7BXG7,,,,,,
H7BXU4,,,,,,
H7BY04,,,,,,
H7BY37,,,,,,
H7BY63,,,,,,
H7BYJ9,,,,,,
H7BZ55,,,,,,
H7BZ76,,,,,,
H7BZK0,,,,,,
H7BZV2,,,,,,
H7BZV6,,,,,,
H7BZW9,,,,,,
H7C066,,,,,,
H7C080,,,,,,
H7C0E9,,,,,,
H7C0G7,,,,,,
H7C0P0,,,,,,
H7C1C4,,,,,,
H7C1I2,,,,,,
H7C1L2,,,,,,
H7C1L3,,,,,,
H7C1T1,,,,,,
H7C269,,,,,,
H7C2W2,,,,,,
H7C2Y0,,,,,,
H7C308,,,,,,
H7C3I0,,,,,,
H7C3L1,,,,,,
H7C3M8,,,,,,
H7C3N7,,,,,,
H7C3R1,,,,,,
H7C446,,,,,,
H7C488,,,,,,
H7C4L7,,,,,,
H7C4S7,,,,,,
H7C4U7,,,,,,
H7C4Z9,,,,,,
H7C535,,,,,,
H7C5F9,,,,,,
H7C5G6,,,,,,
H7C5L8,,,,,,
H7C5T8,,,,,,
H9KVA9,,,,,,
H9XFB6,,,,,,
I1E4Y6,,,,,,
I1VE16,,,,,,
I3L0A5,,,,,,
I3L1L3,,,,,,
I3L251,,,,,,
I3L286,,,,,,
I3L2I2,,,,,,
I3L414,,,,,,
I3L466,,,,,,
I6L9B5,,,,,,
I6L9E8,,,,,,
I6W807,,,,,,
J3KN66,,,,,,
J3KNL2,,,,,,
J3KP06,,,,,,
J3KP97,,,,,,
J3KPG5,,,,,,
J3KPJ0,,,,,,
J3KPQ8,,,,,,
J3KPY5,,,,,,
J3KQH6,,,,,,
J3KRP8,,,,,,
J3KRW6,,,,,,
J3KRY8,,,,,,
J3KS16,,,,,,
J3KSK9,,,,,,
J3KSU3,,,,,,
J3KTB6,,,,,,
J3KTD4,,,,,,
J3KTN9,,,,,,
J3QK86,,,,,,
J3QK89,,,,,,
J3QL04,,,,,,
J3QLR4,,,,,,
J3QQM3,,,,,,
J3QQT0,,,,,,
J3QR12,,,,,,
J3QRH7,,,,,,
J3QS41,,,,,,
J3QSH4,,,,,,
J3QT09,,,,,,
J9JIC7,,,,,,
J9JIH8,,,,,,
K3W4U1,,,,,,
K4DI93,,,,,,
K4DI94,,,,,,
K4DIE0,,,,,,
K7EIF9,,,,,,
K7EIZ8,,,,,,
K7EJB6,,,,,,
K7EJR7,,,,,,
K7EK50,,,,,,
K7EK93,,,,,,
K7EKF7,,,,,,
K7EKI0,,,,,,
K7ELG0,,,,,,
K7EMP1,,,,,,
K7ENS1,,,,,,
K7EPA1,,,,,,
K7EQ61,,,,,,
K7EQ95,,,,,,
K7EQH5,,,,,,
K7EQY9,,,,,,
K7ERU2,,,,,,
K9JA49,,,,,,
L0R4V2,,,,,,
L7R9R4,,,,,,
L8ECN6,,,,,,
M0QX46,,,,,,
M0QY43,,,,,,
M0QZ42,,,,,,
M0R3F1,,,,,,
M5FMX3,,,,,,
O00308,"4Y07
5TJ7
5TJ8
5TJQ","2.51
2.60
2.30
2.75","492-865
334-865
334-865
334-865",,,
O00461,,,,,,
O00555,3BXK,2.55,1955-1975,,,
O14497,,,,1RYU,-,1000-1119
O14595,2Q5E,2.51,87-271,,,
O14646,"2B2T
2B2U
2B2V
2B2W
2B2Y
4B4C
4NW2
4O42
5AFW","2.45
2.95
2.65
2.40
2.35
1.62
1.90
1.87
1.60","268-443
268-443
268-443
268-443
268-443
1119-1327
268-443
268-443
270-443",2N39,-,1409-1511
O14649,,,,,,
O14672,"6BDZ
6BE6","3.10
2.80","220-654
214-654",,,
O14686,"3UVK
4ERQ
4Z4P","1.40
1.91
2.20","5337-5347
5333-5346
5382-5536",,,
O14726,,,,,,
O14776,"3HFH
3Q1I
4FQG","2.70
1.40
2.00","661-845
99-107
895-1081","2DK7
2DOD
2DOE
2DOF
2E71
2KIQ
2KIS
2MW9
2MWA
2MWB
2MWD
2MWE
2MWF
2N4R
2N4S
2N4T
2N4U
2N4V
2N4W
2NNT","-
-
-
-
-
-
-
-
-
-
-
-
-
-
-
-
-
-
-
-","520-579
651-719
784-853
888-959
717-786
724-782
659-724
428-464
428-464
428-464
433-460
433-460
433-464
428-464
428-464
428-464
428-464
428-464
428-464
428-464"
O14893,5XJL,2.50,1-280,2LEH,-,95-280
O14910,,,,,,
O14965,"1MQ4
1MUO
1OL5
1OL6
1OL7
2BMC
2C6D
2C6E
2DWB
2J4Z
2J50
2NP8
2W1C
2W1D
2W1E
2W1F
2W1G
2WQE
2WTV
2WTW
2X6D
2X6E
2X81
2XNE
2XNG
2XRU
3COH
3E5A
3EFW
3FDN
3H0Y
3H0Z
3H10
3HA6
3K5U
3LAU
3M11
3MYG
3NRM
3O50
3O51
3P9J
3QBN
3R21
3R22
3UNZ
3UO4
3UO5
3UO6
3UOD
3UOH
3UOJ
3UOK
3UOL
3UP2
3UP7
3VAP
3W10
3W16
3W18
3W2C
4B0G
4BN1
4BYI
4BYJ
4C3P
4C3R
4CEG
4DEA
4DEB
4DED
4DEE
4DHF
4J8M
4J8N
4JAI
4JAJ
4JBO
4JBP
4JBQ
4O0S
4O0U
4O0W
4PRJ
4UTD
4UYN
4UZD
4UZH
4ZS0
4ZTQ
4ZTR
4ZTS
5AAD
5AAE
5AAF
5AAG
5DN3
5DNR
5DOS
5DPV
5DR2
5DR6
5DR9
5DRD
5DT0
5DT3
5DT4
5EW9
5G15
5G1X
5L8J
5L8K
5L8L
5LXM
5OBJ
5OBR
5ODT
5ONE
5ORL
5ORN
5ORO
5ORP
5ORR
5ORS
5ORT
5ORV
5ORW
5ORX
5ORY
5ORZ
5OS0
5OS1
5OS2
5OS3
5OS4
5OS5
5OS6
5OSD
5OSE
5OSF","1.90
2.90
2.50
3.00
2.75
2.60
2.20
2.10
2.50
2.00
3.00
2.25
3.24
2.97
2.93
2.85
2.71
2.50
2.40
3.30
2.80
3.35
2.91
2.80
2.60
2.90
2.70
2.30
2.29
1.90
2.50
2.92
2.20
2.36
2.35
2.10
2.75
2.40
3.05
2.00
3.20
2.80
3.50
2.90
2.90
2.80
2.45
2.70
2.80
2.50
2.80
2.90
2.95
2.40
2.30
3.05
2.66
2.70
2.80
2.50
2.45
2.50
2.50
2.60
2.75
2.69
2.79
2.10
2.45
3.05
3.05
2.30
2.80
1.85
3.14
3.20
2.70
2.49
2.45
2.30
2.50
2.60
2.60
2.80
2.36
1.90
3.20
2.00
3.00
2.80
2.85
2.90
3.10
3.11
2.78
2.85
2.05
1.95
2.98
2.29
2.46
2.53
2.47
2.13
2.15
2.33
2.86
2.18
2.06
1.72
1.68
1.79
1.67
2.08
2.90
2.62
2.02
2.60
1.69
2.19
2.12
2.19
2.09
1.98
2.56
1.88
2.00
1.88
1.99
1.92
1.74
1.90
1.92
1.81
1.88
1.74
2.20
1.99
1.90
1.89","125-391
107-403
122-403
122-403
122-403
100-403
124-398
123-401
122-403
100-403
126-403
125-391
122-389
122-389
122-389
122-389
122-389
127-388
122-403
122-403
122-403
122-403
126-391
122-392
122-403
126-403
124-391
125-391
125-391
123-401
124-391
124-391
124-391
125-391
123-401
125-399
123-401
125-391
126-403
125-391
125-391
125-391
124-403
126-391
126-391
123-401
123-401
123-401
123-401
123-401
123-401
123-401
123-401
123-401
123-401
123-401
125-391
126-403
126-403
126-403
128-388
122-403
122-403
122-403
122-403
122-403
122-403
122-403
123-401
123-401
123-401
123-401
126-391
123-401
123-401
122-396
122-396
123-401
123-401
123-401
122-403
122-403
122-403
124-391
122-403
125-399
125-399
125-399
122-403
122-403
122-403
122-403
122-403
122-403
122-403
122-403
125-391
125-391
126-390
126-390
128-390
126-390
126-390
126-390
126-390
126-390
126-390
123-390
122-403
122-403
122-403
122-403
122-403
122-403
125-391
125-391
122-403
122-403
127-391
127-391
127-391
127-391
127-391
127-391
127-391
127-391
127-391
127-391
127-391
127-391
127-391
127-391
127-391
127-391
127-391
125-392
127-391
125-391
127-391
127-391",,,
O15063,,,,,,
O15212,,,,,,
O15265,,,,2KKR,-,330-401
O15302,,,,,,
O15320,,,,,,
O15372,,,,,,
O15400,,,,,,
O15405,,,,,,
O15409,"2A07
2AS5","1.90
2.70","502-594
502-594",,,
O15418,,,,,,
O15480,,,,,,
O15516,4H10,2.40,29-89,,,
O43180,,,,,,
O43186,,,,,,
O43670,,,,,,
O43765,"2VYI
4GOD
4GOE
4GOF","2.40
1.40
1.45
1.35","84-210
4-54
4-54
4-54",4CPG,-,1-69
O60293,,,,,,
O60299,,,,,,
O60374,,,,,,
O60424,,,,,,
O60583,2IVX,1.80,7-263,,,
O60663,,,,,,
O60741,,,,,,
O60885,"2NNU
2OSS
2OUO
2YEL
2YEM
3MXF
3P5O
3SVF
3SVG
3U5J
3U5K
3U5L
3UVW
3UVX
3UVY
3UW9
3ZYU
4A9L
4BJX
4BW1
4BW2
4BW3
4BW4
4C66
4C67
4CFK
4CFL
4CL9
4CLB
4DON
4E96
4F3I
4GPJ
4HBV
4HBW
4HBX
4HBY
4HXK
4HXL
4HXM
4HXN
4HXO
4HXP
4HXR
4HXS
4IOO
4IOQ
4IOR
4J0R
4J0S
4J3I
4KV1
4KV4
4LR6
4LRG
4LYI
4LYS
4LYW
4LZR
4LZS
4MEN
4MEO
4MEP
4MEQ
4MR3
4MR4
4NQM
4NR8
4NUC
4NUD
4NUE
4O70
4O71
4O72
4O74
4O75
4O76
4O77
4O78
4O7A
4O7B
4O7C
4O7E
4O7F
4OGI
4OGJ
4PCE
4PCI
4PS5
4QB3
4QR3
4QR4
4QR5
4QZS
4UIX
4UIY
4UIZ
4UYD
4WHW
4WIV
4X2I
4XY9
4XYA
4YH3
4YH4
4Z1Q
4Z1S
4Z93
4ZC9
4ZW1
5A5S
5A85
5ACY
5AD2
5AD3
5BT4
5CFW
5COI
5CP5
5CPE
5CQT
5CRM
5CRZ
5CS8
5CTL
5CY9
5D0C
5D24
5D25
5D26
5D3H
5D3J
5D3L
5D3N
5D3P
5D3R
5D3S
5D3T
5DLX
5DLZ
5DW2
5DX4
5E0R
5EGU
5EI4
5EIS
5F5Z
5F60
5F61
5F62
5F63
5FBX
5H21
5HCL
5HLS
5HM0
5HQ5
5HQ6
5HQ7
5I80
5I88
5IGK
5JWM
5KDH
5KHM
5KJ0
5KU3
5LJ1
5LJ2
5LRQ
5LUU
5M39
5M3A
5MKZ
5MLI
5N2M
5T35
5TI2
5TI3
5TI4
5TI5
5TI6
5TI7
5U28
5U2C
5U2E
5U2F
5UEO
5UEP
5UEQ
5UER
5UES
5UET
5UEU
5UEV
5UEX
5UEY
5UEZ
5UF0
5ULA
5UOO
5UVS
5UVT
5UVU
5UVV
5UVW
5UVX
5UVY
5UVZ
5V67
5VBO
5VBP
5VOM
5WUU
5XHY
5XI2
5XI3
5XI4
5Y1Y
6CKR
6CKS
6FSY
6FT3
6FT4","1.59
1.35
1.89
1.65
2.30
1.60
1.60
1.98
1.68
1.60
1.80
1.39
1.37
1.91
2.02
2.30
1.50
1.60
1.59
1.40
1.92
1.50
1.67
1.87
1.55
1.55
1.32
1.40
1.60
1.52
1.92
1.40
1.60
1.63
1.69
1.62
1.59
1.61
1.52
1.50
1.49
1.76
1.73
1.53
1.43
1.25
1.50
1.40
1.72
1.84
1.24
1.50
2.00
1.29
2.21
1.30
1.83
1.95
1.85
2.20
1.81
1.72
1.85
1.77
1.68
1.66
1.58
1.64
1.40
1.20
1.30
1.55
1.36
1.40
1.45
1.55
1.70
2.00
1.34
1.34
1.50
1.55
1.85
1.80
1.73
1.65
1.29
1.25
1.40
0.94
1.37
1.28
1.41
1.45
1.58
1.30
1.19
1.37
1.34
1.56
1.20
1.83
2.05
1.60
1.33
1.40
1.06
1.27
0.99
1.75
1.36
1.72
2.01
2.01
1.49
1.50
1.15
1.62
1.79
1.62
1.60
1.99
2.12
1.62
2.51
1.55
1.49
1.65
1.70
1.82
1.70
1.70
1.50
2.15
1.95
2.20
1.75
1.93
1.90
1.70
1.12
2.30
1.35
2.21
1.05
1.60
1.76
1.35
1.45
1.35
1.45
1.85
1.59
1.50
2.18
1.40
1.60
1.95
1.90
1.45
1.40
1.70
1.71
1.50
1.48
1.51
1.14
1.90
1.19
1.70
1.61
1.38
1.65
1.62
1.63
1.54
2.70
1.65
1.70
1.62
1.83
1.70
1.65
1.80
3.30
1.99
2.52
1.85
1.77
1.70
1.87
1.62
2.29
2.26
1.94
2.29
2.41
1.51
1.35
1.50
1.69
2.15
1.67
1.66
1.99
2.14
1.53
2.25
1.63
1.78
1.30
1.83
1.67
1.72
1.98
1.91
1.67
1.49
1.91
1.62
1.72
1.34
1.28
1.34","1343-1362
44-168
333-460
44-168
333-460
42-168
44-168
44-168
44-168
44-168
44-168
44-168
44-168
44-168
44-168
44-168
44-168
44-168
44-168
44-168
44-168
44-168
44-168
44-167
44-168
44-168
44-168
44-168
44-168
44-166
44-168
44-168
44-168
42-168
42-168
42-168
44-168
44-167
44-167
44-166
44-167
44-167
44-166
44-167
44-166
44-168
44-168
44-168
44-168
44-168
44-168
41-168
351-459
42-168
42-168
44-168
44-168
44-168
44-168
44-168
44-168
44-168
44-168
44-168
44-168
44-168
44-168
44-168
44-168
44-168
44-168
44-168
44-168
44-168
44-168
44-168
44-168
44-168
44-168
44-168
44-168
44-168
44-168
44-168
44-168
44-168
44-168
44-168
44-168
44-168
44-166
44-166
44-166
44-168
44-168
44-168
44-168
44-183
44-168
44-168
42-166
42-168
42-168
44-170
44-170
42-167
42-166
349-460
44-168
44-168
44-168
44-168
44-168
44-168
44-168
44-168
44-168
44-168
44-168
44-168
44-168
44-168
44-168
44-168
44-168
44-168
44-168
43-168
43-168
42-168
44-168
43-168
42-168
43-168
42-168
42-168
44-168
42-168
44-168
44-168
44-170
44-168
44-168
44-168
44-168
44-168
44-168
44-168
44-168
44-168
44-168
44-168
44-167
44-168
42-168
42-168
44-168
44-166
44-167
42-167
42-167
44-168
333-460
44-168
44-168
44-168
42-167
42-168
42-168
42-163
44-168
42-168
44-168
44-168
42-168
44-168
333-460
44-168
44-168
44-168
44-168
44-168
44-168
44-180
342-460
42-180
42-180
352-457
352-457
352-457
352-457
352-457
352-457
352-457
352-457
352-457
352-457
352-457
352-457
44-168
333-460
352-457
352-457
352-457
352-457
57-165
352-457
352-457
352-457
44-168
44-168
44-168
44-168
44-167
44-166
44-166
44-166
44-166
44-167
44-168
44-168
42-168
42-168
42-168","2I8N
2LSP
2MJV
2N3K
2NCZ
2ND0
2ND1
5Z9C
6BNH","-
-
-
-
-
-
-
-
-","352-457
333-460
333-460
600-678
601-683
601-683
601-683
53-168
601-683"
O75030,4C7N,2.10,357-403,,,
O75038,,,,,,
O75052,,,,,,
O75064,,,,,,
O75069,,,,,,
O75157,,,,,,
O75179,,,,,,
O75348,,,,,,
O75376,"3H52
3KMZ
3N00
4MDD
4WVD","2.80
2.10
2.60
2.40
2.90","2258-2276
2047-2065
2045-2065
2260-2274
2259-2275",2EQR,-,433-486
O75396,"2NUP
2NUT
3EGD
3EGX","2.80
2.30
2.70
3.30","1-195
1-195
1-157
1-157",,,
O75420,5NVK,2.90,33-103,,,
O75449,,,,,,
O75460,"2HZ6
3P23
4U6R
4YZ9
4YZC
4YZD
4Z7G
4Z7H
5HGI","3.10
2.70
2.50
2.46
2.49
3.10
2.60
2.90
2.58","24-390
547-977
547-977
562-966
562-966
562-966
562-977
562-977
547-977",,,
O75529,,,,,,
O75589,,,,,,
O75791,5GJH,1.20,58-155,,,
O75909,"2I53
4CXA
4NST
4UN0
5ACB
5EFQ
6B3E","1.50
3.15
2.20
3.15
2.70
2.00
3.06","11-267
11-267
1-267
11-267
11-267
1-267
1-267",,,
O76031,,,,,,
O76037,,,,,,
O76064,"2PIE
4AYC
4ORH
4WHV","1.35
1.90
4.80
8.30","13-146
351-485
345-485
345-485",2CSW,-,8-139
O76074,"1RKP
1T9R
1T9S
1TBF
1UDT
1UDU
1UHO
1XOZ
1XP0
2CHM
2H40
2H42
2H44
2XSS
3B2R
3BJC
3HC8
3HDZ
3JWQ
3JWR
3LFV
3MF0
3SHY
3SHZ
3SIE
3TGE
3TGG
4G2W
4G2Y
4I9Z
4IA0
4MD6
4OEW
4OEX
5JO3","2.05
2.10
2.00
1.30
2.30
2.83
2.50
1.37
1.79
1.60
1.85
2.30
1.80
2.50
2.07
2.00
1.79
1.80
2.87
2.99
2.80
3.10
2.65
2.45
1.93
1.96
1.91
2.28
2.40
2.08
2.17
2.00
2.44
2.14
1.49","535-860
531-875
534-858
534-858
537-860
537-860
537-860
534-875
534-875
534-656
535-860
535-860
535-860
346-509
535-860
1-875
536-657
536-657
535-786
535-786
98-518
89-518
535-860
535-860
535-860
534-656
534-660
535-860
535-860
535-860
535-860
535-860
535-860
535-860
534-858",,,
O76094,"5M72
5M73
5WRV
5WRW","1.60
3.40
1.70
2.91","10-166
513-662
1-163
1-163",,,
O94759,,,,,,
O94829,"2X19
2XWU
3ZJY","2.80
2.80
3.60","1-963
1-963
1-963",,,
O94830,,,,,,
O94876,,,,,,
O94913,,,,,,
O94916,1IMH,2.86,264-544,,,
O94927,,,,,,
O94964,,,,,,
O94967,,,,,,
O94979,3WXA,2.36,837-848,,,
O94986,4N7V,2.76,1-60,,,
O95104,,,,,,
O95155,"3L1X
3L1Z
5O75","2.60
3.17
1.48","1208-1302
1208-1302
1226-1302",2KRE,-,1208-1302
O95235,,,,,,
O95239,,,,,,
O95264,,,,,,
O95319,"4LJM
4LMZ
4TLQ","3.00
2.78
2.50","416-508
36-211
416-508","2MY7
2MY8
5M8I","-
-
-","416-508
416-508
416-508"
O95387,,,,,,
O95479,,,,,,
O95613,,,,,,
O95630,"2XZE
3RZU
3RZV","1.75
2.50
1.67","1-146
243-424
219-424",5IXF,-,228-241
O95670,,,,,,
O96020,,,,,,
P01266,,,,,,
P02751,"1FNA
1FNF
1FNH
2CG6
2CG7
2CK2
2GEE
2OCF
2RKY
2RKZ
2RL0
3CAL
3EJH
3GXE
3M7P
3MQL
3R8Q
3T1W
3ZRZ
4GH7
4JE4
4JEG
4LXO
4MMX
4MMY
4MMZ
4PZ5
5DC0
5DC4
5DC9
5DFT
5J7C
5N47
5N48","1.80
2.00
2.80
1.55
1.20
2.00
2.01
2.95
1.80
2.00
2.00
1.70
2.10
2.60
2.50
3.00
2.40
2.40
1.70
2.60
2.31
2.30
1.42
3.32
3.18
3.10
1.96
2.23
1.48
1.56
2.50
2.54
3.00
1.60","1452-1542
1173-1540
1721-1991
93-182
93-182
1447-1542
1205-1356
1447-1540
183-275
93-182
184-272
93-182
516-608
516-608
297-604
308-515
1721-1991
1173-1448
93-182
1173-1427
1450-1540
1450-1540
1357-1540
1448-1540
1448-1540
1448-1540
93-182
1447-1540
1445-1540
1445-1540
1539-1635
1447-1540
1173-1357
907-995","1E88
1E8B
1FBR
1J8K
1O9A
1OWW
1Q38
1QGB
1QO6
1TTF
1TTG
2CKU
2EC3
2FN2
2FNB
2H41
2H45
2HA1
2MNU
2N1K
5J6Z
5M0A","-
-
-
-
-
-
-
-
-
-
-
-
-
-
-
-
-
-
-
-
-
-","305-464
305-464
183-275
1631-1724
48-140
608-701
631-705
48-140
305-405
1447-1540
1447-1540
93-182
2239-2299
406-464
-
721-809
721-809
609-809
907-995
808-905
806-834
2108-2193"
P02808,,,,,,
P06727,3S84,2.40,84-355,,,
P06734,"2H2R
2H2T
4EZM
4G96
4G9A
4GI0
4GJ0
4GJX
4GK1
4GKO
4J6J
4J6K
4J6L
4J6M
4J6N
4J6P
4J6Q
4KI1
5LGK","1.50
1.30
3.10
2.25
2.00
2.27
1.95
2.80
2.24
3.30
1.90
2.30
3.15
2.48
2.85
1.90
2.54
3.20
3.50","150-321
150-321
156-298
156-298
156-298
156-298
156-298
156-298
156-298
156-298
156-298
156-298
156-298
156-298
156-298
156-298
156-298
156-298
165-284","1T8C
1T8D","-
-","156-298
156-298"
P06850,"3EHT
3EHU","3.40
1.96","180-194
175-194","1GO9
1GOE","-
-","154-194
154-194"
P07101,"2XSN
4J6S","2.68
3.08","193-528
1-74",,,
P07357,"2QOS
2QQH
2RD7
3OJY","1.81
2.50
2.15
2.51","188-198
133-366
133-492
31-584",,,
P07476,,,,,,
P08047,,,,"1SP1
1SP2
1VA1
1VA2
1VA3","-
-
-
-
-","684-712
654-684
619-654
654-684
684-712"
P08670,"1GK4
1GK6
1GK7
3G1E
3KLT
3S4R
3SSU
3SWK
3TRT
3UF1
4MCY
4MCZ
4MD0
4MD5
4MDI
4MDJ
4YPC
4YV3
6ATF
6ATI
6BIR","2.30
1.90
1.40
1.83
2.70
2.45
2.60
1.70
2.30
2.81
2.30
2.41
2.19
1.65
2.00
1.70
1.44
2.00
1.90
1.98
2.30","328-411
385-412
102-138
102-138
263-334
99-189
99-189
153-238
261-335
144-251
66-78
59-71
59-71
66-78
66-78
66-78
161-243
161-238
59-71
59-71
419-431",,,
P09172,4ZEL,2.90,40-617,,,
P0C7V6,,,,,,
P0CG23,,,,,,
P0CG42,,,,,,
P0CG43,,,,,,
P0CW18,,,,,,
P0CW23,,,,,,
P0CW27,,,,,,
P0DKL9,,,,,,
P10070,,,,,,
P10075,,,,,,
P10253,"5KZW
5KZX
5NN3
5NN4
5NN5
5NN6
5NN8","2.00
2.00
1.90
1.83
2.00
2.00
2.45","79-952
79-952
81-952
81-952
81-952
81-952
81-952",,,
P10275,"1E3G
1GS4
1T5Z
1T63
1T65
1XJ7
1XOW
1XQ3
1Z95
2AM9
2AMA
2AMB
2AO6
2AX6
2AX7
2AX8
2AX9
2AXA
2HVC
2OZ7
2PIO
2PIP
2PIQ
2PIR
2PIT
2PIU
2PIV
2PIW
2PIX
2PKL
2PNU
2Q7I
2Q7J
2Q7K
2Q7L
2YHD
2YLO
2YLP
2YLQ
2Z4J
3B5R
3B65
3B66
3B67
3B68
3BTR
3L3X
3L3Z
3RLJ
3RLL
3V49
3V4A
3ZQT
4HLW
4K7A
4OEA
4OED
4OEY
4OEZ
4OFR
4OFU
4OGH
4OH5
4OH6
4OHA
4OIL
4OIU
4OJ9
4OJB
4OK1
4OKB
4OKT
4OKW
4OKX
4OLM
4QL8
5CJ6
5JJM
5T8E
5T8J
5V8Q
5VO4","2.40
1.95
2.30
2.07
1.66
2.70
1.80
2.25
1.80
1.64
1.90
1.75
1.89
1.50
1.90
1.70
1.65
1.80
2.10
1.80
2.03
1.80
2.40
2.10
1.76
2.12
1.95
2.58
2.40
2.49
1.65
1.87
1.90
1.80
1.92
2.20
2.50
2.30
2.40
2.60
1.80
1.80
1.65
1.90
1.90
2.60
1.55
2.00
1.90
1.70
1.70
1.95
2.29
2.50
2.44
2.12
2.79
1.83
1.80
2.26
2.12
2.98
2.00
3.56
1.42
2.51
3.01
3.31
2.00
2.09
2.95
2.50
2.00
2.10
2.80
2.10
2.07
2.15
2.71
2.70
1.44
2.35","658-920
671-918
670-920
670-919
670-920
664-920
672-920
672-920
673-918
655-920
655-920
655-920
672-920
665-920
665-920
665-920
665-920
665-920
670-919
672-920
670-920
670-920
670-920
670-920
670-920
670-920
670-920
670-920
670-920
670-920
655-920
664-920
664-920
664-920
664-920
672-920
665-920
665-920
665-920
672-919
672-920
672-920
672-920
672-920
672-920
622-636
671-919
671-919
672-918
672-918
655-920
672-920
665-920
665-920
671-919
671-920
671-920
671-920
671-920
671-920
671-920
671-920
671-920
671-920
671-920
671-920
671-920
671-920
671-920
671-920
671-920
671-920
671-920
671-920
671-920
663-920
642-920
669-920
672-920
672-920
672-920
671-920",,,
P10827,"1NAV
2H77
2H79
3HZF
3ILZ
3JZB
4LNW
4LNX","2.50
2.33
1.87
2.50
1.85
2.01
1.90
2.05","148-370
148-370
148-370
148-370
148-370
148-370
148-370
148-370",,,
P11277,"1S35
3EDU
3F57
3KBT
3KBU
3LBX","2.40
2.10
2.90
2.75
2.75
2.80","1063-1275
1692-1907
1686-1907
1583-1906
1583-1906
1902-2084",,,
P11509,"1Z10
1Z11
2FDU
2FDV
2FDW
2FDY
3EBS
3T3Q
3T3R
4EJJ
4RUI","1.90
2.05
1.85
1.65
2.05
1.95
2.15
2.10
2.40
2.30
2.61","29-494
29-494
29-494
29-494
29-494
29-494
29-494
29-494
29-494
29-494
29-494",,,
P11532,"1DXX
1EG3
1EG4
3UUN","2.60
2.00
2.00
2.30","1-246
3046-3306
3046-3306
338-456",,,
P11831,"1HBX
1K6O
1SRS","3.15
3.19
3.20","132-223
133-235
132-223",,,
P12821,"1O86
1O8A
1UZE
1UZF
2C6F
2C6N
2IUL
2IUX
2OC2
2XY9
2XYD
2YDM
3BKK
3BKL
3L3N
3NXQ
4APH
4APJ
4BXK
4BZR
4BZS
4C2N
4C2O
4C2P
4C2Q
4C2R
4CA5
4CA6
4UFA
4UFB
5AM8
5AM9
5AMA
5AMB
5AMC
6EN5
6EN6
6F9R
6F9T
6F9U
6F9V","2.00
2.00
1.82
2.00
3.01
3.00
2.01
2.80
2.25
1.97
2.15
2.44
2.17
2.18
2.30
1.99
1.99
2.60
2.20
1.84
2.10
2.59
1.80
1.99
2.40
2.30
1.85
1.91
1.80
1.80
1.90
1.80
1.80
1.55
1.65
1.75
1.80
1.85
1.60
1.90
1.69","642-1230
642-1230
642-1230
642-1230
30-641
30-641
642-1232
642-1232
642-1232
645-1228
30-639
642-1230
642-1232
642-1232
642-1232
30-658
642-1230
642-1230
30-657
642-1230
30-657
642-1230
642-1230
642-1230
642-1230
642-1230
642-1230
30-639
30-657
30-657
30-658
30-658
30-658
30-658
30-658
30-657
30-657
30-657
642-1232
642-1232
30-657",,,
P14859,"1CQT
1E3O
1GT0
1HF0
1OCT","3.20
1.90
2.60
2.70
3.00","278-439
280-438
280-438
280-438
284-439","1O4X
1POG
1POU","-
-
-","280-442
378-437
284-354"
P16157,"1N11
2YVI
3F59
3KBT
3KBU
3UD1
3UD2","2.70
1.92
2.00
2.75
2.75
2.00
2.21","402-827
1394-1497
911-1068
911-1068
911-1068
911-1233
911-1233",2YQF,-,1394-1497
P16220,,,,2LXT,-,116-149
P17661,,,,,,
P17947,,,,,,
P18627,,,,,,
P19484,,,,,,
P20226,"1C9B
1CDW
1JFI
1NVP
1TGH
4ROC
4ROD
4ROE
5N9G","2.65
1.90
2.62
2.10
2.90
1.90
2.70
2.20
2.70","159-337
159-337
159-339
159-339
156-339
159-339
159-339
159-339
159-339",,,
P20265,,,,,,
P20794,,,,,,
P22004,"2QCW
2R52
2R53","2.49
2.50
2.10","382-513
375-513
411-513",,,
P22528,,,,,,
P22670,1DP7,1.50,438-513,,,
P23467,"2AHS
2H02
2H03
2H04
2HC1
2HC2
2I3R
2I3U
2I4E
2I4G
2I4H
2I5X","2.10
2.30
1.65
2.30
1.30
1.40
1.85
1.85
1.75
1.65
2.15
1.70","1686-1971
1662-1973
1676-1970
1662-1973
1676-1970
1676-1970
1662-1973
1662-1973
1662-1973
1662-1973
1662-1973
1662-1973",,,
P23469,2JJD,3.20,107-697,,,
P23511,4AWL,3.08,262-332,,,
P24043,"4YEP
4YEQ","1.19
3.20","1181-1362
1177-1379",,,
P24347,,,,,,
P26640,,,,,,
P27469,,,,,,
P28356,,,,,,
P33240,,,,"1P1T
2J8P","-
-","8-111
531-577"
P33402,,,,,,
P35326,,,,,,
P35711,,,,,,
P35712,,,,,,
P35869,5NJ8,3.30,23-273,,,
P35998,,,,,,
P37802,,,,1WYM,-,16-157
P40222,,,,,,
P41214,"5OA9
5W2F","1.80
1.40","380-584
380-584",,,
P41229,5FWJ,2.10,8-83,2JRZ,-,73-188
P42229,,,,,,
P42566,"2IV9
4RH5
4RH9
4RHG
4S0G
5AWT
5AWU
5JP2","1.90
1.60
1.60
1.58
1.72
2.70
2.70
2.40","723-730
846-854
846-854
846-854
846-854
640-649
645-654
615-637","1C07
1EH2
1F8H
1FF1
2JXC","-
-
-
-
-","217-311
121-218
121-215
121-215
121-215"
P42694,,,,,,
P42858,"3IO4
3IO6
3IOR
3IOT
3IOU
3IOV
3IOW
3LRH
4FE8
4FEB
4FEC
4FED
4RAV","3.63
3.70
3.60
3.50
3.70
3.70
3.50
2.60
3.00
2.80
3.00
2.81
2.50","1-64
1-64
1-64
1-64
1-64
1-64
1-64
5-18
1-64
1-64
1-64
1-64
1-17","2LD0
2LD2","-
-","1-17
1-17"
P43699,,,,,,
P46100,"3QL9
3QLA
3QLC
3QLN
4W5A
5GRQ
5Y6O","0.93
1.60
2.50
1.90
2.60
1.58
3.10","167-289
167-289
167-289
167-289
167-289
1256-1285
1265-1288","2JM1
2LBM
2LD1","-
-
-","159-296
163-296
163-296"
P46379,"4DWF
4EEW
4WWR
4X86
6AU8","1.80
1.30
2.00
1.85
1.80","13-101
1-87
1060-1111
1048-1123
1008-1050","1WX9
2N9P","-
-","17-89
17-101"
P46531,"1YYH
2F8X
2F8Y
2HE0
2VJ3
3ETO
3I08
3L95
3NBN
3V79
4CUD
4CUE
4CUF
4D0E
4D0F
5FM9
5FMA
5L0R
5UB5","1.90
3.25
1.55
1.90
2.60
2.00
3.20
2.19
3.45
3.85
1.85
3.00
2.29
1.61
2.80
2.92
2.46
1.50
2.09","1872-2114
1872-2126
1905-2126
1872-2114
411-526
1446-1733
1446-1664
1448-1728
1872-2126
1872-2126
411-526
411-526
411-526
411-526
411-526
140-294
142-294
452-491
452-491","1PB5
1TOZ
5KZO","-
-
-","1446-1480
411-526
1721-1771"
P46736,,,,,,
P46939,"1BHD
1QAG","2.00
3.00","144-261
31-256",,,
P47895,5FHZ,2.90,1-512,,,
P48378,,,,,,
P48380,,,,,,
P48507,,,,,,
P48634,,,,,,
P48645,,,,,,
P48681,,,,,,
P49454,,,,,,
P49750,,,,,,
P49792,"1RRP
1Z5S
3UIN
3UIO
3UIP
4GA0
4I9Y
4L6E
4LQW
5CLL
5CLQ","2.96
3.01
2.60
2.60
2.29
1.15
1.75
2.50
1.95
2.45
3.20","1171-1304
2631-2711
2629-2695
2631-2695
2631-2695
1-145
3062-3224
2907-3050
3057-3224
1155-1321
1155-1321","1XKE
2LAS","-
-","2028-2154
2705-2717"
P50222,,,,,,
P50553,,,,,,
P50616,"2D5R
2Z15
5CI8
5CI9","2.50
2.30
2.33
2.30","1-115
1-117
1-345
1-345",,,
P51003,,,,,,
P51449,"3B0W
3KYT
3L0J
3L0L
4NB6
4NIE
4QM0
4S14
4WLB
4WPF
4WQP
4XT9
4YMQ
4YPQ
4ZJR
4ZJW
4ZOM
5APH
5APJ
5APK
5AYG
5C4O
5C4S
5C4T
5C4U
5EJV
5ETH
5G42
5G43
5G44
5G45
5G46
5IXK
5IZ0
5K38
5K3L
5K3M
5K3N
5K6E
5K74
5LWP
5M96
5NTI
5NTK
5NTN
5NTP
5NTQ
5NTW
5NU1
5UFO
5UFR
5UHI
5VB3
5VB5
5VB6
5VB7
5W4R
5W4V
5X8Q
5YP5
5YP6
6B30
6BN6
6BR2
6BR3
6CVH","2.20
2.35
2.40
1.74
2.85
2.01
2.20
3.54
1.70
2.20
1.99
2.25
2.00
2.32
2.70
2.50
2.27
1.54
2.08
2.10
2.60
2.24
2.23
1.77
2.08
2.58
2.80
1.72
2.58
1.84
2.07
1.76
2.35
2.63
2.05
2.75
2.89
2.67
2.80
2.75
2.40
1.77
2.40
1.90
1.90
1.70
2.26
1.64
1.85
2.80
2.07
3.20
1.95
2.23
2.04
2.33
3.00
2.65
2.20
2.65
2.20
2.69
2.40
3.18
3.00
3.50","265-507
265-507
265-507
260-507
262-507
263-509
262-507
262-518
262-507
262-509
262-507
265-507
260-507
265-507
265-487
265-487
265-487
265-507
265-507
265-507
261-518
267-507
267-507
267-507
267-507
259-518
267-487
265-507
265-507
265-507
265-507
265-507
268-487
259-518
265-507
265-507
265-507
265-507
265-507
265-507
265-506
263-491
263-518
263-491
263-518
263-499
263-499
263-518
263-518
265-507
265-507
265-507
260-507
260-507
260-507
260-507
265-481
266-475
261-518
265-507
265-507
265-479
265-508
265-479
265-480
265-489",,,
P51531,"4QY4
5DKC
5DKH","1.97
1.60
1.70","1373-1511
1373-1511
1373-1511",2DAT,-,1377-1504
P51610,"4GO6
4N39
4N3A
4N3B
4N3C
5LWV","2.70
1.76
1.88
2.17
2.55
1.90","360-402
1082-1097
1072-1097
1072-1097
1072-1097
1078-1095",,,
P51800,2PFI,1.60,533-687,,,
P51814,,,,,,
P52333,"1YVJ
3LXK
3LXL
3PJC
3ZC6
3ZEP
4HVD
4HVG
4HVH
4HVI
4I6Q
4QPS
4QT1
4RIO
4V0G
4Z16
5LWM
5LWN
5TOZ
5TTS
5TTU
5TTV
5VO6
5W86
5WFJ","2.55
2.00
1.74
2.20
2.42
2.35
1.85
2.75
2.30
2.40
1.85
1.80
2.40
2.69
3.00
2.90
1.55
1.60
1.98
2.34
1.72
1.93
2.65
2.61
2.48","814-1103
806-1124
806-1124
812-1124
813-1100
813-1047
811-1124
811-1124
811-1124
811-1124
811-1124
811-1103
811-1124
810-1100
816-1098
811-1124
812-1103
812-1103
812-1124
812-1124
812-1124
812-1124
812-1100
814-1100
810-1100",,,
P52630,,,,2KA4,-,786-838
P52655,"1NVP
5M4S","2.10
2.38","2-58
2-58",,,
P52756,,,,"2LK0
2LK1
2LKZ
5MF9
5MFY","-
-
-
-
-","181-210
181-210
231-316
451-511
451-511"
P53365,"1I49
1I4D
1I4L
1I4T
4DCN","2.80
2.50
2.70
2.60
3.01","118-341
118-341
118-341
118-341
118-315",,,
P54098,"3IKM
4ZTU
4ZTZ
5C51
5C52
5C53","3.24
3.30
3.44
3.43
3.64
3.57","70-1239
30-1239
30-1239
25-1239
25-1239
25-1239",,,
P54198,2I32,2.70,425-472,,,
P54252,"4WTH
4YS9","2.25
2.00","278-324
278-324","1YZB
2AGA
2DOS
2JRI
2KLZ","-
-
-
-
-","1-182
1-185
1-171
1-182
222-263"
P54253,"1OA8
4APT
4AQP
4J2J
4J2L","1.70
2.50
2.45
2.50
3.15","562-693
566-688
566-688
562-688
562-688",2M41,-,566-688
P54259,,,,,,
P54727,,,,"1P1A
1PVE
1UEL","-
-
-","1-82
275-342
1-87"
P55001,,,,,,
P55055,"1P8D
1PQ6
1PQ9
1PQC
1UPV
1UPW
3KFC
3L0E
4DK7
4DK8
4NQA
4RAK
5HJP
5I4V
5JY3
5KYA
5KYJ","2.80
2.40
2.10
2.80
2.10
2.40
2.40
2.30
2.45
2.75
3.10
2.04
2.60
2.61
2.40
2.60
2.80","213-460
212-460
212-460
212-460
208-460
208-460
212-460
212-460
218-460
218-460
72-460
213-460
216-460
210-460
213-460
210-460
210-460",,,
P55198,,,,,,
P55268,,,,,,
P55345,,,,1X2P,-,33-87
P55347,,,,1X2N,-,260-319
P55769,"1E7K
2OZB
3SIU
3SIV","2.90
2.60
2.63
3.30","1-128
1-128
1-128
1-128",2JNB,-,1-128
P56524,"2H8N
2O94
2VQJ
2VQM
2VQO
2VQQ
2VQV
2VQW
3UXG
3UZD
3V31
4CBT
4CBY
5A2S","2.60
3.00
2.10
1.80
2.15
1.90
3.30
3.00
1.85
1.86
1.57
3.03
2.72
2.65","62-153
62-153
648-1057
648-1057
648-1057
648-1057
648-1057
648-1057
343-359
343-359
343-359
648-1033
648-1033
648-1033",,,
P56645,,,,,,
P57071,,,,,,
P60153,,,,,,
P78364,,,,2L8E,-,783-828
P78424,,,,,,
P80188,"1DFV
1L6M
1QQS
1X71
1X89
1X8U
3BY0
3CBC
3CMP
3DSZ
3DTQ
3FW4
3FW5
3HWD
3HWE
3HWF
3HWG
3I0A
3K3L
3PEC
3PED
3T1D
3TF6
3TZS
3U03
3U0D
4GH7
4IAW
4IAX
4K19
4MVI
4MVK
4MVL
4QAE
4ZFX
4ZHC
4ZHD
4ZHF
4ZHG
4ZHH
5JR8
5KHP
5KIC
5KID
5MHH
5N47
5N48
5NKN","2.60
2.40
2.40
2.10
2.10
2.20
2.57
2.17
2.80
2.00
2.50
2.30
2.30
2.95
2.80
3.20
2.19
2.60
2.62
2.19
2.30
2.30
2.35
2.45
2.40
2.51
2.60
2.40
1.90
2.74
1.70
1.50
2.30
2.10
2.55
2.04
2.05
2.45
2.05
2.04
2.65
2.65
2.70
2.15
2.00
3.00
1.60
2.20","21-197
21-198
24-197
21-198
21-198
21-198
1-198
1-198
1-198
21-198
21-198
21-198
21-198
1-198
1-198
1-198
1-198
1-198
21-198
21-198
21-198
1-198
21-198
21-198
1-198
1-198
21-198
21-198
21-198
21-198
21-198
21-198
21-198
21-198
21-198
21-198
21-198
21-198
21-198
21-198
21-198
21-198
21-198
21-198
21-198
21-198
21-198
25-198",1NGL,-,21-198
P87889,,,,,,
Q00577,,,,,,
Q01658,1JFI,2.62,1-176,,,
Q01664,,,,,,
Q01780,"3SAF
3SAG
3SAH","2.50
2.70
2.65","180-606
180-606
180-606",2CPR,-,483-593
Q01826,"2O49
2O4A
3NZL
3TUO","2.00
1.75
1.20
1.70","368-452
368-452
179-250
71-171","1YSE
2L1P
2MW8","-
-
-","353-490
179-250
641-707"
Q01970,"3OHM
4GNK
4QJ3
4QJ4
4QJ5","2.70
4.00
3.00
3.30
3.41","10-886
10-1234
10-891
10-891
10-891",,,
Q02078,"1EGW
1LEW
3KOV
3MU6
3P57
6BYY
6BZ1","1.50
2.30
2.90
2.43
2.19
2.30
2.97","2-78
269-280
2-91
2-70
2-91
1-64
1-64",1C7U,-,2-86
Q02086,,,,,,
Q02108,"3UVJ
4NI2","2.08
1.90","468-690
468-662",,,
Q02224,"1T5C
5JVP","2.50
2.10","2-342
336-371",,,
Q02446,,,,,,
Q02447,,,,,,
Q02779,2RF0,2.00,13-78,,,
Q02818,,,,1SNL,-,228-326
Q02928,,,,,,
Q02930,,,,,,
Q04724,"1GXR
2CE8
2CE9
4OM2
4OM3
5MWJ","1.65
2.03
2.12
4.00
2.86
2.04","443-770
443-770
443-770
1-156
15-156
443-770",,,
Q04725,,,,,,
Q04727,,,,,,
Q05195,1NLW,2.00,57-136,"1E91
1G1E
1PD7
1S5Q","-
-
-
-","8-20
6-21
5-28
6-21"
Q05BK6,,,,,,
Q05BL1,,,,,,
Q05D32,,,,,,
Q05D60,,,,,,
Q05GC8,,,,,,
Q06730,,,,,,
Q06732,,,,,,
Q07065,,,,,,
Q07283,,,,,,
Q08117,,,,,,
Q08379,4REY,1.96,980-1002,,,
Q08828,,,,,,
Q08E86,,,,,,
Q09472,"3BIY
3I3J
3IO2
3P57
3T92
4BHW
4PZR
4PZS
4PZT
5BT3
5KJ2
5LKT
5LKU
5LKX
5LKZ
5LPK
5LPM
5NU5","1.70
2.33
2.50
2.19
1.50
2.80
2.10
1.94
2.80
1.05
1.95
2.04
3.50
2.52
2.50
2.10
1.50
1.60","1287-1666
1040-1161
1723-1836
1726-1835
1723-1818
1043-1519
1287-1664
1287-1664
1287-1664
1048-1161
1287-1522
1043-1519
1043-1519
1043-1519
1043-1519
1040-1161
1048-1161
1048-1161","1L3E
1P4Q
2K8F
2MH0
2MZD","-
-
-
-
-","323-423
323-423
1723-1812
1723-1812
1723-1812"
Q0IIN7,,,,,,
Q0P607,,,,,,
Q0PRL4,,,,,,
Q0VAK6,,,,,,
Q0VF49,,,,,,
Q0VG99,,,,,,
Q10571,,,,,,
Q12772,1UKL,3.00,343-403,,,
Q12774,,,,,,
Q12800,,,,,,
Q12830,"2F6J
2F6N
2FSA
2RI7
3QZS
3QZT
3QZV
3UV2
5H6Y","2.00
2.00
1.90
1.45
1.80
1.50
2.00
1.58
2.00","2865-3033
2865-3033
2865-3033
2865-3033
2924-3033
2924-3033
2865-3033
2914-3037
2921-3036","2FUI
2FUU","-
-","2865-2921
2865-2921"
Q12888,"1GZH
1KZY
1XNI
2G3R
2IG0
3LGF
3LGL
3LH0
4CRI
4RG2
4X34
5ECG
5J26","2.60
2.50
2.80
1.25
1.70
1.50
1.60
1.90
2.35
1.50
1.80
3.00
2.50","1724-1972
1714-1972
1485-1602
1484-1603
1484-1603
1484-1603
1484-1603
1484-1603
1459-1634
1483-1606
1484-1603
1713-1972
1487-1603","2LVM
2MWO
2MWP","-
-
-","1484-1603
1484-1603
1484-1603"
Q13017,5U4V,2.60,590-763,"2EE4
2EE5","-
-","1255-1456
1245-1456"
Q13111,,,,,,
Q13488,,,,,,
Q13495,,,,,,
Q13620,"4A0C
4A0L
4A64","3.80
7.40
2.57","192-913
192-913
206-557",2DO7,-,826-913
Q13625,"1YCS
4A63
4IRV","2.20
2.27
2.04","892-1126
892-1128
726-782",2UWQ,-,1-83
Q13733,,,,,,
Q13753,,,,,,
Q13790,,,,,,
Q13950,,,,,,
Q13952,"1N1J
4AWL
4CSR","1.67
3.08
1.50","27-120
27-120
27-120",,,
Q14119,,,,,,
Q14146,,,,,,
Q14157,,,,,,
Q14320,,,,,,
Q14667,,,,,,
Q14671,"1IB2
1M8W
1M8X
1M8Y
1M8Z
2YJY
3BSB
3BSX
3Q0L
3Q0M
3Q0N
3Q0O
3Q0P
5YKH
5YKI","1.90
2.20
2.20
2.60
1.90
2.60
2.80
2.32
2.50
2.70
2.40
2.80
2.60
2.46
2.25","828-1176
828-1176
828-1176
828-1176
828-1176
828-1176
828-1170
828-1170
828-1176
828-1176
828-1176
828-1176
828-1176
898-1176
898-1176",,,
Q14686,,,,,,
Q14690,,,,1WI5,-,173-278
Q14738,,,,,,
Q14766,,,,1KSQ,-,1340-1412
Q14774,,,,,,
Q14789,,,,,,
Q14814,,,,,,
Q14980,"3RO2
5GXW","2.30
2.39","1899-1926
1984-2010",,,
Q149N8,4QN1,2.48,1000-1418,2M85,-,652-716
Q14BN4,,,,,,
Q15007,,,,,,
Q15016,,,,,,
Q15019,"2QA5
2QAG
2QNR","3.40
4.00
2.60","1-315
1-361
22-320",,,
Q15075,"1JOC
3MJH","2.20
2.03","1287-1324
36-69","1HYI
1HYJ","-
-","1347-1411
1347-1411"
Q15149,"1MB8
2ODU
2ODV
3F7P
3PDY
3PE0
4GDO
4Q58
4Q59
5J1F
5J1G
5J1H
5J1I","2.15
2.30
2.05
2.75
2.22
2.95
1.70
4.00
2.30
3.00
1.80
2.80
2.80","175-403
410-640
410-640
175-403
653-858
750-1028
1492-1530
175-400
175-400
860-928
1114-1343
860-928
1114-1482",2N03,-,4403-4606
Q15173,,,,,,
Q15233,"3SDE
5IFM","1.90
2.60","53-312
53-312",,,
Q15329,5TUV,2.90,124-232,,,
Q15388,4APO,1.90,140-145,,,
Q15459,,,,"1ZKH
2DT6
2DT7","-
-
-","704-789
48-110
134-217"
Q15483,,,,,,
Q15515,,,,,,
Q15596,"1GWQ
1GWR
1M2Z
1MV9
1MVC
1MZN
1P93
1T63
1T65
1UHL
1YOK
1ZDT
1ZDU
1ZKY
2AO6
2B1V
2B1Z
2B23
2FAI
2G44
2G5O
2P15
2P1T
2P1U
2P1V
2Q7J
2Q7L
2YJD
2ZXZ
2ZY0
3A9E
3CLD
3DZU
3DZY
3E00
3E7C
3E94
3ERD
3FUG
3GN8
3K22
3K23
3KWY
3KYT
3L0E
3L0J
3L0L
3O1D
3O1E
3OAP
3OZJ
3PCU
3PLZ
3Q95
3R5M
3UP0
3UP3
4CSJ
4DOS
4E2J
4FHH
4FHI
4IA1
4IA2
4IA3
4IA7
4IQR
4IU7
4IUI
4IV2
4IV4
4IVW
4IVY
4IW6
4IW8
4IWC
4IWF
4K4J
4K6I
4M8E
4M8H
4NIE
4NQA
4OC7
4P6W
4P6X
4PLD
4PLE
4POH
4POJ
4PP3
4PP5
4PP6
4PPP
4PPS
4PXM
4Q0A
4Q13
4QE6
4QE8
4RFW
4RMC
4RMD
4RME
4RUO
4UDC
4UDD
4WG0
4ZN7
4ZN9
4ZNH
4ZNS
4ZNT
4ZNU
4ZNV
4ZNW
4ZO1
4ZSH
5APH
5APJ
5DI7
5DID
5DIE
5DIG
5DK9
5DKB
5DKE
5DKG
5DKS
5DL4
5DLR
5DMC
5DMF
5DP0
5DRJ
5DRM
5DTV
5DU5
5DUE
5DUG
5DUH
5DVS
5DVV
5DWE
5DWG
5DWI
5DWJ
5DX3
5DXB
5DXE
5DXG
5DXK
5DXM
5DXP
5DXQ
5DXR
5DY8
5DYB
5DYD
5DZ0
5DZ1
5DZ3
5DZH
5DZI
5E0W
5E0X
5E14
5E15
5E19
5E1C
5EC9
5EGV
5EHJ
5EI1
5EIT
5G3J
5G42
5G43
5G44
5G45
5G46
5G5W
5H1E
5HYR
5I4V
5IAW
5ICK
5KCC
5KCD
5KCE
5KCF
5KCT
5KCU
5KCW
5KD9
5KR9
5KRA
5KRC
5KRF
5KRH
5KRI
5KRJ
5KRK
5KRL
5KRM
5KRO
5L11
5LGA
5LYQ
5MK4
5NFP
5NFT
5Q17
5SYZ
5T1Z
5TLD
5TLF
5TLG
5TLL
5TLM
5TLO
5TLP
5TLT
5TLU
5TLV
5TLX
5TLY
5TM1
5TM2
5TM3
5TM4
5TM5
5TM6
5TM7
5TM8
5TM9
5TML
5TMM
5TMO
5TMQ
5TMR
5TMS
5TMT
5TMU
5TMV
5TMW
5TMZ
5TN1
5TN3
5TN4
5TN5
5TN6
5TN7
5TN8
5U2D
5UAN
5VB3
5VB5
5VB6
5VB7
5WZX
6EL6
6EL7
6EL9","2.45
2.40
2.50
1.90
1.90
1.90
2.70
2.07
1.66
2.90
2.50
2.10
2.50
2.25
1.89
1.80
1.78
2.10
2.10
2.65
2.30
1.94
1.80
2.20
2.20
1.90
1.92
1.93
3.00
2.90
2.75
2.84
3.20
3.10
3.10
2.15
1.90
2.03
2.00
2.50
2.10
3.00
2.30
2.35
2.30
2.40
1.74
2.40
2.50
2.05
2.10
2.00
1.75
2.05
2.80
1.60
1.25
2.30
2.00
2.50
2.33
2.40
2.44
2.95
2.70
2.70
2.90
2.29
2.30
2.14
2.30
2.06
1.95
1.98
2.04
2.24
1.93
2.00
2.10
2.40
2.20
2.01
3.10
2.50
1.95
2.50
1.75
1.75
2.30
2.00
2.00
2.00
2.20
2.69
1.93
1.90
1.90
2.24
1.65
2.62
2.40
2.70
1.90
2.30
2.81
2.50
1.80
1.82
1.93
2.21
1.93
1.86
1.90
2.40
1.77
2.31
3.22
1.80
1.54
2.08
2.24
2.24
2.24
2.24
2.28
2.40
2.60
2.15
2.60
2.10
2.26
2.40
2.40
2.38
2.07
2.24
2.29
2.19
2.09
2.25
2.24
2.28
2.50
1.92
2.30
2.43
2.00
2.09
2.08
1.50
1.86
2.23
2.37
2.20
2.40
2.28
2.03
2.27
2.48
2.24
2.20
2.15
2.11
1.90
2.00
2.01
2.22
2.10
2.24
1.98
2.30
2.86
2.50
2.40
2.68
2.40
1.72
2.58
1.84
2.07
1.76
2.20
2.60
2.27
2.61
2.58
2.47
2.39
1.82
1.85
2.07
1.60
2.03
1.91
1.78
2.25
2.40
2.40
2.19
2.24
2.25
2.70
2.39
2.40
2.24
2.10
1.85
2.50
2.17
2.00
2.10
2.30
2.10
1.93
2.10
2.38
2.20
2.23
2.42
2.50
2.28
2.08
1.90
2.22
2.32
2.10
2.14
2.23
2.60
2.19
2.25
2.24
2.54
2.40
1.99
2.50
2.25
2.20
2.17
2.24
2.30
2.24
2.05
2.43
2.38
2.29
2.21
2.06
2.54
1.86
1.89
2.09
2.24
2.65
1.86
3.51
1.95
2.23
2.04
2.33
2.95
2.40
2.18
2.19","688-696
742-750
734-754
686-698
686-698
686-698
740-751
740-753
686-698
687-696
740-753
741-752
741-751
686-698
740-753
686-698
686-698
686-698
686-698
686-698
686-698
686-698
686-698
686-698
686-698
740-753
740-753
687-697
686-698
686-698
686-698
740-751
685-697
685-697
685-697
741-751
686-698
686-698
686-698
734-754
740-751
740-751
686-698
686-697
740-751
688-697
685-697
686-698
686-698
686-696
686-696
687-696
740-753
686-698
687-696
740-753
741-754
741-753
740-753
741-752
686-698
686-698
686-698
686-698
686-698
686-698
685-697
687-696
687-696
687-696
687-696
687-696
687-696
687-696
687-696
687-696
687-696
686-698
686-698
686-696
686-696
686-697
686-698
686-698
741-752
740-753
740-753
740-753
686-698
686-698
686-698
686-698
688-696
688-696
687-698
686-698
687-695
686-698
740-752
740-752
686-698
686-698
686-698
686-698
686-698
740-753
740-753
742-752
686-698
686-698
686-698
686-698
686-698
686-698
686-698
686-698
686-694
686-698
686-697
686-697
686-699
686-699
686-699
686-699
686-699
686-699
686-699
686-699
686-699
686-699
686-699
686-699
686-699
686-699
686-699
686-699
686-699
686-699
686-699
686-699
686-699
686-699
686-699
686-699
686-699
686-699
686-699
687-697
687-697
687-697
687-697
686-699
686-699
686-699
686-699
686-699
686-699
686-699
686-699
686-699
686-699
686-699
686-699
686-699
686-699
686-699
686-699
686-699
686-699
686-699
686-696
686-699
686-699
686-699
686-699
740-753
688-697
686-697
686-697
688-697
688-697
740-753
740-752
687-697
687-699
742-751
742-752
686-699
686-699
686-698
686-699
686-699
686-699
686-699
686-699
686-699
686-699
686-699
686-699
686-699
686-699
686-699
686-699
686-699
686-699
686-699
740-753
686-698
686-698
686-696
740-753
740-753
741-752
740-754
686-698
686-698
686-698
686-698
686-698
686-698
686-698
686-698
686-698
686-698
686-698
686-698
686-698
686-698
686-698
686-698
686-698
686-698
686-698
686-698
686-698
686-698
686-698
686-698
686-698
686-698
686-698
686-698
686-698
686-698
686-698
686-698
686-698
686-698
686-698
686-698
686-698
686-698
686-698
686-698
686-698
687-696
685-697
685-697
685-697
685-697
741-752
740-753
740-753
740-753",2LDC,-,687-697
Q15643,,,,,,
Q15652,"2YPD
5FZO","2.10
1.84","2157-2540
2157-2500",,,
Q15714,,,,,,
Q15788,"1FM6
1FM9
1K4W
1K74
1K7L
1KV6
1N4H
1NQ7
1NRL
1P8D
1PZL
1RDT
1TFC
1U3R
1U3S
1X76
1X78
1X7B
1X7J
1XIU
1XV9
1XVP
1YY4
1YYE
1ZAF
2A3I
2FVJ
2GTK
2HBH
2HC4
2HCD
2HFP
2NPA
2NV7
2P54
2PRG
3BEJ
3BQD
3CTB
3CWD
3DCT
3DCU
3DR1
3ET1
3ET3
3FEI
3FEJ
3FUR
3FXV
3G8I
3G9E
3GYT
3GYU
3H0A
3HC5
3HC6
3HVL
3IPQ
3IPS
3IPU
3KMR
3LMP
3OKH
3OKI
3OLF
3OLL
3OLS
3OMK
3OMM
3OMO
3OMP
3OMQ
3OOF
3OOK
3P88
3P89
3QT0
3RUT
3RUU
3RVF
3S9S
3T03
3UU7
3UUA
3UUD
3V9Y
3VN2
4DK7
4DK8
4DM6
4DM8
4DQM
4F9M
4FGY
4G1D
4G1Y
4G1Z
4G20
4G21
4G2H
4HEE
4J5X
4JYG
4JYH
4JYI
4MG5
4MG6
4MG7
4MG8
4MG9
4MGA
4MGB
4MGC
4MGD
4RUJ
4RUP
4TUZ
4TV1
4UDA
4UDB
4Y29
5A86
5AVI
5AVL
5AZT
5DSH
5DV3
5DV6
5DV8
5DVC
5DWL
5E7V
5GTN
5GTO
5GTP
5HJS
5JI0
5JMM
5L7E
5L7G
5L7H
5MX7
5NKY
5NMA
5NMB
5OW7
5OW9
5OWD
5Q0J
5Q0K
5Q0L
5Q0M
5Q0N
5Q0O
5Q0P
5Q0Q
5Q0R
5Q0S
5Q0T
5Q0U
5Q0V
5Q0W
5Q0X
5Q0Y
5Q0Z
5Q10
5Q11
5Q12
5Q13
5Q14
5Q15
5Q16
5Q18
5Q19
5Q1A
5Q1B
5Q1C
5Q1D
5Q1E
5Q1F
5Q1G
5Q1H
5Q1I
5X0R
5X8U
5X8W
5YP6
6BNS","2.10
2.10
1.90
2.30
2.50
2.70
2.10
1.50
2.00
2.80
2.10
2.40
2.40
2.21
2.50
2.20
2.30
2.30
2.30
2.50
2.70
2.60
2.70
2.03
2.20
1.95
1.99
2.10
2.65
2.20
2.60
2.00
2.30
2.10
1.79
2.30
1.90
2.50
2.00
2.40
2.50
2.95
2.70
2.50
1.95
2.40
2.01
2.30
2.26
2.20
2.30
2.40
2.40
2.10
2.60
3.20
2.10
2.00
2.26
2.40
1.80
1.90
2.50
2.00
1.90
1.50
2.20
1.90
2.10
2.21
2.05
1.97
2.29
2.29
2.95
2.30
2.50
3.00
2.50
3.10
2.55
2.10
2.20
2.05
1.60
2.10
2.18
2.45
2.75
1.90
2.30
2.75
1.90
2.84
2.90
2.85
2.50
2.90
2.90
2.50
2.50
2.80
2.35
2.60
1.90
2.05
2.10
2.15
1.85
2.00
1.80
1.85
2.15
1.90
2.35
2.75
1.90
1.85
2.03
2.36
1.98
2.25
2.70
2.80
3.45
2.95
2.75
2.80
2.75
2.30
2.20
2.40
1.85
2.10
2.35
1.72
1.98
2.10
1.86
2.01
1.84
1.98
2.10
2.80
2.50
2.10
2.40
2.15
2.00
1.80
2.50
2.20
2.40
1.90
1.80
2.60
1.91
2.50
2.14
1.90
1.87
1.90
2.26
2.20
2.26
2.20
2.20
2.00
1.90
1.85
1.90
2.00
1.90
1.98
2.00
2.30
2.30
1.89
1.85
2.30
2.00
2.20
1.95
2.67
2.00
2.30
2.20
2.56","676-700
676-700
686-700
676-700
680-700
686-700
686-700
687-696
676-700
676-700
687-700
676-700
686-700
630-640
630-640
630-640
630-640
630-640
630-640
686-700
685-697
685-697
630-640
630-640
630-640
1430-1441
628-640
631-640
686-700
686-700
686-700
680-700
683-697
631-640
686-696
623-710
676-700
1429-1441
678-700
685-700
741-761
741-761
686-700
681-696
680-695
744-756
628-640
629-640
744-756
744-756
628-640
1429-1441
1429-1441
629-640
741-761
741-761
678-700
676-700
676-700
676-700
686-698
686-700
744-757
744-757
744-757
683-701
683-701
744-757
744-757
683-701
683-701
683-701
744-757
744-757
745-755
745-755
685-700
745-755
745-755
741-761
685-697
683-700
686-698
686-698
686-698
686-700
685-700
745-756
745-756
676-700
676-700
1432-1441
686-700
686-696
686-700
686-700
686-700
686-700
686-700
686-700
676-700
678-700
686-698
686-698
686-698
686-698
686-698
686-698
686-698
686-698
686-698
686-698
686-698
686-698
686-700
686-700
686-698
686-698
1427-1441
1427-1441
1432-1441
682-698
676-700
676-700
683-697
685-700
685-700
685-700
685-700
685-700
685-700
686-700
685-700
685-700
685-700
676-700
676-700
686-698
1432-1441
1432-1441
1432-1441
686-700
686-700
686-700
686-700
686-700
686-700
686-700
744-757
744-757
744-757
744-757
744-757
744-757
744-757
744-757
744-757
744-757
744-757
744-757
744-757
744-757
744-757
744-757
744-757
744-757
744-757
744-757
744-757
744-757
744-757
744-757
744-757
744-757
744-757
744-757
744-757
744-757
744-757
744-757
744-757
744-757
744-757
676-700
686-700
686-700
688-695
678-710","2C52
5NWM","-
-","920-970
257-385"
Q15811,"1KI1
3FIA
3QBV
4IIM
5HZI
5HZJ
5HZK","2.30
1.45
2.65
1.80
2.60
2.60
3.30","1229-1581
1-111
1229-1579
916-970
1230-1580
1230-1580
1230-1580","2KGR
2KHN","-
-","210-312
1-111"
Q15911,,,,"2DA1
2DA2
2DA3","-
-
-","2146-2202
2243-2299
2632-2698"
Q15942,,,,,,
Q16206,,,,,,
Q16247,,,,,,
Q1EHW1,,,,,,
Q1RMZ1,,,,,,
Q1RMZ3,,,,,,
Q28617,,,,,,
Q2KHN1,,,,,,
Q2KHR2,"4QQI
4QQM","2.03
1.78","85-101
85-101",,,
Q2KHR3,,,,,,
Q2L6G6,,,,,,
Q2LAE2,,,,,,
Q2LC36,,,,,,
Q2M1Z3,,,,,,
Q2M2I8,"4WSQ
5L4Q
5TE0","1.95
1.97
1.90","29-345
27-365
27-365",,,
Q2M2R5,,,,,,
Q2M3X1,,,,,,
Q2NKK5,,,,,,
Q2NLC9,,,,,,
Q2NLD4,,,,,,
Q2QGD7,,,,,,
Q2TAB4,,,,,,
Q2TAL8,,,,,,
Q2TB68,,,,,,
Q2VIL8,,,,,,
Q2VIQ3,,,,,,
Q2VY69,,,,,,
Q32LX7,,,,,,
Q32M51,,,,,,
Q32MY8,,,,,,
Q32NB8,,,,,,
Q32ND0,,,,,,
Q3B7B6,,,,,,
Q3KNS6,,,,,,
Q3L8U1,,,,,,
Q3MHD2,,,,,,
Q3MI86,,,,,,
Q3MIM1,,,,,,
Q3SY65,,,,,,
Q3T8J9,,,,,,
Q3V6T2,,,,,,
Q3ZCR7,,,,,,
Q3ZLR7,,,,,,
Q461N2,,,,,,
Q495U0,,,,,,
Q496Y1,,,,,,
Q499Z3,,,,,,
Q4JCQ2,,,,,,
Q4JNY4,,,,,,
Q4LE49,,,,,,
Q4LE64,,,,,,
Q4LE66,,,,,,
Q4U2R8,,,,,,
Q4V328,,,,,,
Q4VBA3,,,,,,
Q4VBR4,,,,,,
Q4VCS5,,,,,,
Q4W4X9,,,,,,
Q52LR7,,,,,,
Q52LW3,,,,,,
Q53FL4,,,,,,
Q53GT0,,,,,,
Q53SM2,,,,,,
Q53SN6,,,,,,
Q53T59,,,,,,
Q562E7,,,,,,
Q569F6,,,,,,
Q58EX7,,,,,,
Q58EY0,,,,,,
Q59EA0,,,,,,
Q59EC8,,,,,,
Q59EE8,,,,,,
Q59EF7,,,,,,
Q59EK1,,,,,,
Q59ER4,,,,,,
Q59EY3,,,,,,
Q59F94,,,,,,
Q59FB2,,,,,,
Q59FD2,,,,,,
Q59FE0,,,,,,
Q59FG4,,,,,,
Q59FG6,,,,,,
Q59FL0,,,,,,
Q59FP5,,,,,,
Q59FV5,,,,,,
Q59FW4,,,,,,
Q59FX5,,,,,,
Q59G00,,,,,,
Q59G16,,,,,,
Q59G18,,,,,,
Q59G30,,,,,,
Q59G45,,,,,,
Q59G47,,,,,,
Q59G73,,,,,,
Q59GC2,,,,,,
Q59GF0,,,,,,
Q59GG3,,,,,,
Q59GH4,,,,,,
Q59GI3,,,,,,
Q59GJ0,,,,,,
Q59GP6,,,,,,
Q59GY7,,,,,,
Q59HB8,,,,,,
Q59HE6,,,,,,
Q59HG1,,,,,,
Q5BQ95,,,,,,
Q5CZA0,,,,,,
Q5D862,,,,,,
Q5H924,,,,,,
Q5H9Q2,,,,,,
Q5H9U9,,,,,,
Q5HYK3,,,,,,
Q5I0X4,,,,,,
Q5IRN2,,,,,,
Q5JB39,,,,,,
Q5JSY7,,,,,,
Q5JSY8,,,,,,
Q5JSZ5,,,,,,
Q5JT00,,,,,,
Q5JTV8,4TVS,1.60,356-583,,,
Q5JV73,,,,,,
Q5JV90,,,,,,
Q5KTC1,,,,,,
Q5LJB1,,,,,,
Q5STZ8,,,,,,
Q5SZD4,,,,,,
Q5SZQ8,,,,2DNO,-,90-178
Q5T1J5,,,,,,
Q5T1N1,,,,,,
Q5T1Z4,,,,,,
Q5T1Z8,,,,,,
Q5T2K3,,,,,,
Q5T2N8,,,,,,
Q5T3G2,,,,,,
Q5T3U5,,,,,,
Q5T5P0,,,,,,
Q5T5P1,,,,,,
Q5T5P2,,,,,,
Q5T655,,,,,,
Q5T6F2,,,,,,
Q5T7B8,,,,,,
Q5T953,,,,,,
Q5T9S2,,,,,,
Q5T9S5,,,,,,
Q5TB80,,,,,,
Q5TBK1,,,,,,
Q5TCH4,,,,,,
Q5TF21,,,,,,
Q5TZA2,,,,,,
Q5U0C8,,,,,,
Q5U3C1,,,,,,
Q5UBV6,,,,,,
Q5VU43,,,,,,
Q5VV63,,,,,,
Q5VVH5,,,,,,
Q5VX71,,,,,,
Q5VXT5,,,,,,
Q5VYV0,,,,,,
Q5VZK9,"3LK2
3LK3","2.20
2.68","961-1012
964-1078",,,
Q5VZZ6,,,,,,
Q5W9G6,,,,,,
Q5XG91,,,,,,
Q5XKR4,,,,,,
Q5XUX0,"5VZT
5VZU","2.70
2.70","66-539
66-539",,,
Q63HN8,,,,,,
Q63ZY3,"4HBD
5YBV","1.72
2.12","578-832
578-832",,,
Q64FX5,,,,,,
Q658K0,,,,,,
Q658Z6,,,,,,
Q65ZG9,,,,,,
Q66K39,,,,,,
Q674R7,,,,,,
Q68CP0,,,,,,
Q68CP9,,,,,,
Q68DE3,,,,,,
Q68DX8,,,,,,
Q68G74,,,,,,
Q6AHX7,,,,,,
Q6AI39,,,,,,
Q6AZY7,,,,,,
Q6DCA5,,,,,,
Q6DK57,,,,,,
Q6DT37,,,,,,
Q6EMB2,,,,,,
Q6FHA6,,,,,,
Q6GMQ3,,,,,,
Q6IB77,,,,,,
Q6IPR3,,,,,,
Q6IQ23,,,,,,
Q6ISE0,,,,,,
Q6JLA7,,,,,,
Q6JVE5,,,,,,
Q6JXY2,,,,,,
Q6KC79,,,,,,
Q6MZF4,,,,,,
Q6MZF6,,,,,,
Q6MZL5,,,,,,
Q6MZT4,,,,,,
Q6N021,"4NM6
5D9Y
5DEU","2.03
1.97
1.80","1129-1480
1129-1480
1129-1480",,,
Q6N039,,,,,,
Q6N083,,,,,,
Q6NUS6,,,,,,
Q6NVJ2,,,,,,
Q6NWY9,,,,,,
Q6NXT7,,,,,,
Q6NYC8,,,,,,
Q6P1K2,"5LSJ
5LSK","3.25
3.50","31-205
31-205",,,
Q6P1L5,,,,,,
Q6P1N0,,,,,,
Q6P2E9,,,,,,
Q6P4E1,,,,,,
Q6P4R8,"3U21
4UF5
4UF6
4WLP","2.18
3.70
3.69
3.10","370-495
40-170
40-101
40-153",,,
Q6P531,,,,,,
Q6P995,,,,,,
Q6P9G8,,,,,,
Q6P9H5,,,,,,
Q6PG37,,,,,,
Q6PHZ4,,,,,,
Q6PIN0,,,,,,
Q6PJ69,,,,,,
Q6PJG2,,,,,,
Q6PKB3,,,,,,
Q6PKB8,,,,,,
Q6Q0C1,,,,,,
Q6QNB7,,,,,,
Q6QR78,,,,,,
Q6STE5,,,,,,
Q6TV06,,,,,,
Q6UKI1,,,,,,
Q6UUV9,,,,,,
Q6UVJ0,,,,,,
Q6UW60,,,,,,
Q6UWE0,,,,,,
Q6UWR4,,,,,,
Q6UY14,,,,,,
Q6VY07,,,,,,
Q6WG67,,,,,,
Q6WRI0,,,,,,
Q6Y7W6,"5NVL
5NVM","2.30
2.00","35-105
35-72",,,
Q6YL39,,,,,,
Q6ZMJ2,,,,,,
Q6ZMU5,3KB5,1.50,278-470,,,
Q6ZMW8,,,,,,
Q6ZN29,,,,,,
Q6ZN66,,,,,,
Q6ZNE9,,,,,,
Q6ZP82,,,,,,
Q6ZP85,,,,,,
Q6ZQN7,,,,,,
Q6ZQW2,,,,,,
Q6ZR19,,,,,,
Q6ZRK0,,,,,,
Q6ZRN2,,,,,,
Q6ZRU6,,,,,,
Q6ZS45,,,,,,
Q6ZSB9,,,,,,
Q6ZTU2,,,,,,
Q6ZVK8,"3GG6
4HVY","2.10
1.46","26-179
26-179",,,
Q6ZVT4,,,,,,
Q6ZW49,3SQD,2.15,860-1069,,,
Q6ZW64,,,,,,
Q70CQ2,,,,,,
Q70EL1,,,,,,
Q70YC5,,,,,,
Q71RB1,,,,,,
Q71RC7,,,,,,
Q75L23,,,,,,
Q75MN6,,,,,,
Q75MY6,,,,,,
Q76L83,,,,,,
Q7RTM4,,,,,,
Q7RTP6,5SZG,2.70,1841-1990,2D88,-,518-625
Q7Z2V4,,,,,,
Q7Z2Y5,,,,,,
Q7Z2Y8,,,,,,
Q7Z328,,,,,,
Q7Z3A2,,,,,,
Q7Z3E2,,,,,,
Q7Z3Z5,,,,,,
Q7Z403,,,,,,
Q7Z406,5I4E,2.25,47-784,,,
Q7Z426,,,,,,
Q7Z427,,,,,,
Q7Z442,,,,,,
Q7Z494,5L7K,2.10,2-7,,,
Q7Z589,"1UTU
1UZ3
2FMM","2.00
1.10
1.80","1-108
1-100
9-139",,,
Q7Z5E6,,,,,,
Q7Z5J4,,,,,,
Q7Z5M5,,,,,,
Q7Z659,,,,,,
Q7Z6J9,,,,,,
Q7Z6Z7,"3G1N
3H1D
5C6H
5LP8","2.60
1.89
2.05
2.70","4005-4374
3993-4374
1969-1994
3951-4374","2EKK
2MUL","-
-","1317-1356
2951-3003"
Q7Z739,,,,,,
Q7Z757,,,,,,
Q7Z7E8,2QGX,2.56,247-414,,,
Q7Z7H5,,,,,,
Q86SQ7,,,,,,
Q86T23,,,,,,
Q86TP0,,,,,,
Q86TS9,,,,,,
Q86UD0,,,,,,
Q86UP2,,,,,,
Q86UP3,,,,,,
Q86UR1,,,,,,
Q86UW9,,,,,,
Q86V37,,,,,,
Q86V38,,,,,,
Q86VG4,,,,,,
Q86VQ1,,,,,,
Q86VS8,"5J8E
6B9H","1.70
1.50","1-160
1-160",,,
Q86WB4,,,,,,
Q86WB6,,,,,,
Q86WF4,,,,,,
Q86WG5,,,,,,
Q86WN1,,,,,,
Q86WW5,,,,,,
Q86XK2,5VMD,2.20,833-904,,,
Q86YA8,,,,,,
Q86YG2,,,,,,
Q86YT6,"4TSE
4XI6
4XI7
4XIB","2.06
2.04
2.05
2.15","239-409
8-402
8-402
8-402",,,
Q86YV2,,,,,,
Q86YW9,,,,,,
Q8IUG5,,,,,,
Q8IV76,,,,,,
Q8IVH2,,,,,,
Q8IVL0,,,,,,
Q8IVL1,,,,2YRN,-,90-197
Q8IVW6,,,,,,
Q8IW47,,,,,,
Q8IWI5,,,,,,
Q8IWI9,,,,,,
Q8IWJ2,3BBP,3.00,1547-1612,,,
Q8IWX8,,,,,,
Q8IWY9,,,,,,
Q8IX12,,,,,,
Q8IX95,,,,,,
Q8IXK0,,,,,,
Q8IY63,,,,,,
Q8IY81,,,,,,
Q8IY82,,,,,,
Q8IYU4,,,,,,
Q8IYW4,,,,,,
Q8IZ83,,,,,,
Q8IZD4,,,,,,
Q8IZL2,,,,,,
Q8N0S2,,,,,,
Q8N139,,,,,,
Q8N1N0,,,,,,
Q8N1N4,,,,,,
Q8N1W1,"6BC0
6BC1","2.20
2.90","1049-1194
1049-1194",,,
Q8N283,,,,,,
Q8N2H3,,,,,,
Q8N2Y6,,,,,,
Q8N3F8,,,,2KSP,-,419-433
Q8N3X1,,,,,,
Q8N401,,,,,,
Q8N4C6,,,,,,
Q8N4C8,,,,,,
Q8N4H2,,,,,,
Q8N4Q4,,,,,,
Q8N512,,,,,,
Q8N5G2,,,,,,
Q8N6B5,,,,,,
Q8N6B6,,,,,,
Q8N6F2,,,,,,
Q8N6G5,,,,,,
Q8N7U6,,,,,,
Q8N879,,,,,,
Q8N8S7,"2HO2
2IYB
2XQN
4MY6
5N91
5N9C
5N9P
5NAJ
5NBF
5NBX
5NC2
5NC7
5NCF
5NCG
5NCP
5ND0
5NDU
5NEG","1.33
2.35
2.62
1.70
1.49
1.16
1.80
1.46
1.15
1.65
1.58
2.70
1.40
1.02
1.65
1.45
1.42
1.29","347-356
1-113
1-116
1-111
1-111
1-111
1-111
1-111
1-111
1-111
1-111
1-111
1-111
1-111
1-111
1-111
1-111
1-111",,,
Q8N9N5,,,,,,
Q8N9Q8,,,,,,
Q8N9T2,,,,,,
Q8NA42,,,,,,
Q8NA53,,,,,,
Q8NA82,,,,,,
Q8NAC3,,,,,,
Q8NB25,,,,,,
Q8NBP0,,,,,,
Q8NBR6,,,,,,
Q8NBZ3,,,,,,
Q8NC01,,,,,,
Q8NC60,,,,,,
Q8NCA5,,,,,,
Q8NCC3,"4X90
4X91
4X92
4X93
4X94
4X95
4X97","1.84
2.30
3.00
2.60
2.70
3.08
2.65","34-412
34-412
34-412
34-412
34-412
34-412
34-412",,,
Q8ND07,,,,,,
Q8ND24,,,,,,
Q8NDV7,5W6V,2.83,1073-1094,,,
Q8NDX5,"4PZN
4PZO","2.30
2.25","914-983
914-983",,,
Q8NE35,,,,"2DNL
2RUG","-
-","440-540
440-540"
Q8NE71,,,,,,
Q8NEG8,,,,,,
Q8NEM7,,,,,,
Q8NEW0,,,,,,
Q8NEY8,,,,,,
Q8NEZ4,"3UVL
4ERY
5F59
5F6K","2.20
1.30
2.80
2.41","4707-4717
4703-4716
4757-4910
4757-4911","2YSM
2YUK","-
-","342-439
1631-1713"
Q8NF45,,,,,,
Q8NF91,4DXR,2.32,8769-8797,,,
Q8NFD5,"2CXY
2EH9","1.60
2.00","1041-1159
1041-1159",,,
Q8NFT3,,,,,,
Q8NG08,,,,,,
Q8NI99,,,,,,
Q8TAB5,,,,,,
Q8TAF7,,,,,,
Q8TAL5,,,,,,
Q8TAQ2,,,,,,
Q8TB72,"3Q0Q
3Q0R
3Q0S","2.00
2.00
2.00","706-1056
706-1056
706-1056",,,
Q8TBA1,,,,,,
Q8TBA6,,,,,,
Q8TBF8,,,,,,
Q8TBY8,,,,,,
Q8TC92,,,,,,
Q8TCK0,,,,,,
Q8TCN9,,,,,,
Q8TCS8,3U1K,2.13,46-669,,,
Q8TD31,,,,,,
Q8TD55,,,,,,
Q8TDD1,,,,,,
Q8TDW4,,,,,,
Q8TE12,,,,,,
Q8TE73,,,,,,
Q8TE77,,,,,,
Q8TEC5,,,,,,
Q8TES8,,,,,,
Q8TF01,,,,,,
Q8TF21,,,,,,
Q8TF46,,,,,,
Q8TF68,,,,,,
Q8WU03,,,,,,
Q8WU79,2IQJ,1.90,1-132,,,
Q8WUF5,2VGE,2.10,607-828,,,
Q8WV24,,,,,,
Q8WV48,,,,,,
Q8WWB3,,,,,,
Q8WWI1,2EAQ,1.46,1037-1126,,,
Q8WWL2,5JCY,1.80,401-427,,,
Q8WWM7,,,,,,
Q8WWU2,,,,,,
Q8WWU3,,,,,,
Q8WWZ4,,,,,,
Q8WYA0,,,,,,
Q8WYJ6,,,,,,
Q8WYR3,,,,,,
Q8WZ79,,,,,,
Q92508,,,,,,
Q92540,1YA0,2.55,1-497,,,
Q92552,,,,,,
Q92562,,,,,,
Q92585,"2F8X
3NBN
3V79","3.25
3.45
3.85","13-74
13-74
13-74",,,
Q92608,"2YIN
3A98
3B13","2.70
2.10
3.01","1192-1622
1-177
1196-1622",2RQR,-,8-70
Q92734,,,,,,
Q92753,,,,,,
Q92786,,,,2LMD,-,575-737
Q92793,"1RDT
1ZOQ
3DWY
3P1C
3P1D
3P1E
3P1F
3SVH
4A9K
4N3W
4N4F
4NR4
4NR5
4NR6
4NR7
4NYV
4NYW
4NYX
4OUF
4TQN
4TS8
4WHU
4YK0
5CGP
5DBM
5EIC
5ENG
5EP7
5GH9
5H85
5I83
5I86
5I89
5I8B
5I8G
5J0D
5JEM
5KTU
5KTW
5KTX
5LPJ
5LPL
5MME
5MMG
5MPK
5MPN
5MPZ
5MQE
5MQG
5MQK
5NLK
5NRW
5NU3
5SVH
5TB6
5W0E
5W0F
5W0L
5W0Q
6AXQ
6AY3
6AY5","2.40
2.37
1.98
1.82
1.86
1.80
1.63
1.80
1.81
1.90
1.83
1.69
1.66
1.66
1.20
1.83
1.43
1.10
1.40
1.70
2.00
2.11
1.65
1.96
1.86
1.50
1.30
1.20
1.45
1.70
1.35
1.05
1.07
1.52
1.41
1.05
2.50
1.38
1.09
1.27
1.65
1.65
1.35
1.23
1.90
1.23
1.40
1.65
1.35
1.53
1.80
1.70
1.75
2.05
1.79
1.41
1.60
1.55
1.70
1.30
1.39
1.44","58-80
2065-2111
1081-1197
1081-1197
1081-1197
1081-1197
1081-1197
1081-1197
1081-1197
1080-1316
1080-1316
1081-1197
1081-1197
1081-1197
1081-1197
1081-1197
1081-1197
1081-1197
1082-1197
1081-1197
1081-1197
1081-1197
1083-1196
1081-1197
1082-1197
1081-1197
1081-1197
1081-1197
1081-1196
1081-1197
1082-1197
1082-1197
1082-1197
1081-1312
1081-1312
1081-1197
2065-2111
1082-1197
1085-1194
1085-1194
1081-1197
1081-1197
1081-1197
1081-1197
1081-1197
1081-1197
1081-1197
1081-1197
1081-1197
1081-1197
1081-1197
1081-1197
1081-1197
587-673
1081-1197
1082-1197
1082-1197
1082-1197
1082-1197
1085-1196
1083-1197
1083-1197","1JSP
1LIQ
1WO3
1WO4
1WO5
1WO6
1WO7
2D82
2KJE
2KWF
2L84
2L85
2LXS
2LXT
2N1A
2RNY","-
-
-
-
-
-
-
-
-
-
-
-
-
-
-
-","1081-1197
376-402
387-398
387-398
387-398
376-400
376-400
1081-1197
1763-1854
587-673
1081-1197
1081-1197
587-673
587-673
1699-1751
1081-1197"
Q92794,"2OZU
2RC4
3V43
4LJN
4LK9
4LKA
4LLB
5B75
5B76
5B77
5B78","2.30
3.00
1.47
3.00
1.60
1.61
2.50
1.70
1.65
1.55
1.40","497-780
501-784
204-313
194-323
194-323
194-323
194-323
194-323
194-323
194-323
194-323","1M36
2LN0","-
-","533-563
204-313"
Q92817,4QMD,1.60,1822-2014,,,
Q92878,5GOX,2.40,585-766,,,
Q92879,"3NMR
3NNA
3NNC
3NNH","1.85
1.90
2.20
2.75","14-187
14-187
14-187
14-100","2CPZ
2DHS
2RQ4
2RQC","-
-
-
-","383-484
1-187
383-484
383-484"
Q92896,,,,,,
Q92922,5GJK,2.05,447-540,2YUS,-,610-675
Q93074,,,,,,
Q969I3,,,,,,
Q969J2,,,,,,
Q969S2,,,,,,
Q969T7,,,,,,
Q96A04,,,,,,
Q96AC6,,,,,,
Q96AF9,,,,,,
Q96BA4,,,,,,
Q96BD5,2PUY,1.43,486-543,2YQL,-,487-535
Q96BH1,"5D1K
5D1L
5D1M","1.78
1.62
1.58","126-258
126-258
126-258","2DAY
2DMF","-
-","11-125
11-134"
Q96BY6,,,,,,
Q96CN5,,,,,,
Q96CN9,,,,,,
Q96DX1,,,,,,
Q96E41,,,,,,
Q96EA4,,,,,,
Q96ED9,,,,,,
Q96EK4,5AJS,2.30,247-314,2LAU,-,2-80
Q96EQ0,,,,,,
Q96EV2,,,,,,
Q96F46,"3JVF
4HSA
4NUX
5NAN","3.30
3.15
2.30
3.30","32-317
32-317
376-591
33-320",,,
Q96FF1,,,,,,
Q96FT7,,,,,,
Q96GM5,,,,,,
Q96HA7,5JA4,2.42,512-692,,,
Q96HN0,,,,,,
Q96HN5,,,,,,
Q96I24,,,,,,
Q96J02,"2NQ3
2P4R
3TUG
4ROF
5C7M
5CQ2
5DWS
5DZD
5SXP","1.80
2.00
2.27
2.03
3.03
1.40
1.65
1.57
1.65","1-155
246-270
524-903
436-474
524-899
433-521
436-474
475-514
249-269","2DMV
2KYK
2YSF","-
-
-","328-357
359-392
480-512"
Q96J88,,,,,,
Q96JA4,,,,,,
Q96JB1,,,,,,
Q96JC1,,,,,,
Q96JK9,,,,,,
Q96JM2,,,,1X6F,-,1874-1948
Q96JP2,,,,2DLP,-,1424-1495
Q96KB7,,,,,,
Q96KC0,,,,,,
Q96KN7,4QAM,1.83,1091-1286,,,
Q96KR1,,,,,,
Q96L91,,,,,,
Q96LK5,,,,,,
Q96M83,,,,,,
Q96M86,,,,,,
Q96M93,,,,,,
Q96MM2,,,,,,
Q96MM7,,,,,,
Q96MP5,,,,,,
Q96MY7,,,,,,
Q96NH3,,,,,,
Q96NU0,,,,,,
Q96PC5,,,,,,
Q96PI1,,,,,,
Q96PN7,,,,,,
Q96PP8,,,,,,
Q96PV6,,,,,,
Q96Q89,,,,,,
Q96QZ7,"1WBP
2Q9V
2R4H
3BPU
5N7D
5N7F
5N7G","2.40
2.00
2.05
1.60
2.30
2.30
2.95","1382-1390
839-922
1149-1233
640-721
455-558
454-558
455-558","2KPK
2KPL
2YSD
2YSE
2ZAJ","-
-
-
-
-","455-580
455-580
295-338
355-401
355-390"
Q96R06,,,,,,
Q96RN5,,,,2GUT,-,5-78
Q96RT6,,,,,,
Q96RW7,,,,,,
Q96RZ2,,,,,,
Q96S82,,,,"2CWB
2DEN","-
-","336-380
336-380"
Q96SN8,,,,,,
Q96T58,"1OW1
4P6Q","1.80
2.00","3470-3664
335-620",2RT5,-,3496-3664
Q96T67,,,,,,
Q96TA1,,,,,,
Q99217,,,,,,
Q99218,,,,,,
Q99414,,,,,,
Q99415,,,,,,
Q99504,,,,,,
Q99623,,,,,,
Q99626,"5LTY
6ES2
6ES3","2.66
2.95
2.57","185-255
186-256
184-255",,,
Q99700,3KTR,1.70,912-928,,,
Q99743,,,,,,
Q99941,,,,,,
Q99996,,,,,,
Q9BQF6,3EAY,2.40,728-1050,,,
Q9BQG0,,,,,,
Q9BQS8,"5CX3
5D94","2.30
1.53","1273-1298
1276-1288",,,
Q9BRH9,,,,,,
Q9BRK4,,,,,,
Q9BRY6,,,,,,
Q9BSE4,,,,2KDB,-,9-85
Q9BST4,,,,,,
Q9BTG3,,,,,,
Q9BU40,,,,,,
Q9BUJ2,,,,,,
Q9BUS0,,,,,,
Q9BV44,,,,,,
Q9BV73,,,,,,
Q9BVH7,,,,,,
Q9BVK6,,,,,,
Q9BW04,,,,,,
Q9BW11,,,,,,
Q9BW19,5WDH,2.25,307-663,,,
Q9BWT7,,,,,,
Q9BWU1,,,,,,
Q9BXA9,,,,,,
Q9BXI6,,,,,,
Q9BXM9,,,,,,
Q9BY66,,,,"2E6R
2YQE","-
-","306-384
79-171"
Q9BYJ3,,,,,,
Q9BYJ9,"4RCI
4RCJ","1.97
1.60","361-559
365-554",,,
Q9BYM8,4DBG,2.71,37-137,"2CRC
2LGY","-
-","194-232
51-139"
Q9BYX2,,,,2DHK,-,46-151
Q9BZE9,"5IFS
5IFW","2.46
3.40","317-553
317-504",,,
Q9BZG5,,,,,,
Q9BZG6,,,,,,
Q9BZG7,,,,,,
Q9BZY9,,,,"2YSJ
2YSL","-
-","1-56
1-66"
Q9C099,,,,,,
Q9C0D2,,,,,,
Q9C0D5,,,,,,
Q9C0F0,,,,,,
Q9GZR6,,,,,,
Q9H032,,,,,,
Q9H0A0,,,,,,
Q9H0J9,2PQF,2.20,489-684,,,
Q9H0M0,"1ND7
5HPS
5HPT","2.10
2.05
2.84","546-917
537-917
537-917",2OP7,-,494-532
Q9H161,,,,2M0C,-,209-280
Q9H1B7,,,,2CS3,-,705-784
Q9H270,,,,,,
Q9H2D6,,,,,,
Q9H2F5,,,,,,
Q9H2M9,,,,,,
Q9H2X3,"1K9J
1SL6
1XAR
1XPH
3JQH","1.90
2.25
2.25
1.41
2.20","262-399
216-399
216-399
250-399
101-264",,,
Q9H307,,,,,,
Q9H329,,,,,,
Q9H334,,,,2KIU,-,462-548
Q9H3M9,3O65,2.70,1-190,,,
Q9H3P7,"5LZ1
5LZ3
5LZ6
5TDQ","2.00
3.00
2.60
2.49","364-528
364-528
364-528
367-528","2N72
2N73","-
-","241-308
241-308"
Q9H4A3,"4PWN
5TF9
5WDY
5WE8
6FBK","1.84
2.50
2.46
2.01
1.74","210-482
206-483
206-483
206-483
1247-1269",,,
Q9H5E0,,,,,,
Q9H5V1,,,,,,
Q9H6I2,4A3N,2.40,68-136,2YUL,-,68-136
Q9H6M4,,,,,,
Q9H714,,,,,,
Q9H7C4,,,,,,
Q9H7E2,"3PMT
3PNW
3S6W
5GVD
5GVE
5YJ8","1.80
2.05
1.78
1.62
3.61
1.76","553-611
540-615
555-608
1-68
1-68
555-608","1WJI
2LTO","-
-","194-243
554-608"
Q9H7F3,,,,,,
Q9H869,,,,,,
Q9H891,,,,,,
Q9H8W5,,,,2DS4,-,396-501
Q9H8Y5,,,,,,
Q9H9Q4,"2QM4
2R9A
3Q4F
3RWR
3SR2
3W03","2.30
2.50
5.50
3.94
3.97
8.49","1-233
1-224
1-224
1-224
1-224
1-233",,,
Q9HBI6,,,,,,
Q9HBL0,,,,,,
Q9HCE0,,,,,,
Q9HCJ0,"2X04
3KTP","1.49
1.50","1382-1399
1380-1401",2DKL,-,927-998
Q9HCK8,,,,"2CKA
2DL6","-
-","2291-2364
2303-2372"
Q9HCS4,,,,,,
Q9HCU0,,,,,,
Q9HDB9,,,,,,
Q9NNW8,,,,,,
Q9NNZ3,,,,,,
Q9NP74,,,,,,
Q9NPE6,,,,,,
Q9NPX3,,,,,,
Q9NPZ5,2D0J,2.00,78-323,,,
Q9NQ48,,,,,,
Q9NQ55,,,,,,
Q9NQV6,3IHX,2.50,188-339,,,
Q9NR09,3CEG,2.01,4498-4820,,,
Q9NR55,,,,,,
Q9NRC6,,,,,,
Q9NRE1,,,,,,
Q9NRR5,,,,,,
Q9NRR6,2XSW,1.90,275-623,,,
Q9NS42,,,,,,
Q9NS69,,,,,,
Q9NS89,,,,,,
Q9NSC2,,,,,,
Q9NSY1,"4W9W
4W9X
5I3O
5I3R
5IKW","1.72
2.14
2.40
2.40
2.41","39-344
38-345
42-343
42-343
38-345",,,
Q9NTG1,,,,,,
Q9NUQ3,,,,,,
Q9NUQ8,,,,,,
Q9NVA2,,,,,,
Q9NVF7,,,,,,
Q9NVH2,,,,,,
Q9NVI7,,,,,,
Q9NVR7,,,,,,
Q9NW13,,,,,,
Q9NW32,,,,,,
Q9NWI7,,,,,,
Q9NX28,,,,,,
Q9NXG0,,,,,,
Q9NXG9,,,,,,
Q9NXJ0,,,,,,
Q9NYB7,,,,,,
Q9NYJ8,"2WWZ
2WX0
2WX1","1.40
2.40
3.00","662-693
663-693
663-693",2DAE,-,7-68
Q9NZ56,"2YLE
3R7G","1.80
2.20","1694-1722
1701-1722",,,
Q9NZI8,3KRM,2.75,404-566,,,
Q9NZM3,"3GF9
3JZY
4IIO","2.50
1.56
1.70","1130-1406
1201-1692
901-955","1J3T
1UDL
1UE9
1UFF
1UHF","-
-
-
-
-","898-958
1103-1187
1056-1122
762-842
983-1038"
Q9NZM4,,,,,,
Q9P0J7,,,,,,
Q9P0K7,,,,,,
Q9P0K8,,,,,,
Q9P0U4,"3QMB
3QMC
3QMD
3QMG
3QMH
3QMI","2.06
2.10
1.90
2.30
2.50
2.10","161-222
161-222
161-222
161-222
161-222
161-222",,,
Q9P1Z2,,,,,,
Q9P267,,,,,,
Q9P2B4,,,,,,
Q9P2D1,,,,"2CKC
2V0E
2V0F","-
-
-","2563-2622
2561-2614
2631-2715"
Q9P2F9,,,,,,
Q9P2G3,,,,,,
Q9P2G4,,,,,,
Q9P2J2,,,,1V5J,-,624-718
Q9P2M7,,,,,,
Q9UBL0,,,,,,
Q9UBL6,,,,,,
Q9UBT6,"1T94
2OH2
2W7O
2W7P
3IN5
3PZP
4BA9
4GK5
4U6P
4U7C
5T14
5W2A
5W2C","2.40
3.05
3.16
3.71
3.20
3.34
2.73
3.21
2.59
2.80
3.00
2.90
2.50","68-526
19-526
19-526
19-526
19-526
19-528
563-575
564-573
1-526
27-518
1-527
1-526
1-526",2LSI,-,562-577
Q9UDV7,,,,,,
Q9UDY2,3E17,1.75,306-384,2OSG,-,306-385
Q9UE63,,,,,,
Q9UEY8,,,,,,
Q9UF61,,,,,,
Q9UF64,,,,,,
Q9UFE3,,,,,,
Q9UFG1,,,,,,
Q9UGI6,,,,,,
Q9UGP4,,,,,,
Q9UGP8,,,,,,
Q9UGU0,,,,,,
Q9UGU5,,,,,,
Q9UHD9,,,,"1J8C
2NBV","-
-","1-103
26-103"
Q9UIF9,"4LZ2
4Q6F
4QBM
4QF2
5MGJ
5MGK
5MGL
5MGM
5OR8
5T8R
6FAP
6FHU
6FI0
6FKP","1.76
1.91
1.65
1.70
2.10
2.30
2.65
2.80
2.40
2.40
2.70
2.00
1.90
2.00","1796-1899
1673-1728
1796-1899
1673-1728
1796-1898
1796-1898
1796-1898
1796-1898
1796-1899
1673-1728
1673-1728
1673-1728
1673-1728
1673-1728",5AGQ,-,543-650
Q9UJ42,,,,,,
Q9UJA5,"5CCB
5CCX
5CD1","2.00
2.10
3.60","1-497
1-497
1-497",,,
Q9UJF2,,,,,,
Q9UJJ9,,,,,,
Q9UJQ4,,,,,,
Q9UKI9,,,,,,
Q9UKJ3,,,,,,
Q9UKV0,,,,,,
Q9UL14,,,,,,
Q9UL54,,,,,,
Q9ULE4,,,,,,
Q9ULL8,,,,2EDP,-,6-92
Q9ULU4,"4COS
5B73
5MQ4
5Y1Z","1.67
1.80
2.70
2.68","83-406
73-406
949-1073
83-406",,,
Q9ULV3,,,,,,
Q9UMN6,"3UVM
4ERZ
4PZI","1.57
1.75
2.15","2508-2517
2504-2517
955-1020",,,
Q9UMX0,,,,"2JY5
2JY6
2KLC","-
-
-","541-586
541-586
34-112"
Q9UN21,,,,,,
Q9UN79,,,,,,
Q9UNN4,,,,,,
Q9UP82,,,,,,
Q9UPA5,,,,,,
Q9UPM6,,,,,,
Q9UPN3,"4Z6G
5VE9
5X57","2.65
2.79
1.45","74-421
7024-7108
7113-7193",,,
Q9UPN6,"3D9I
3D9J
3D9K
3D9L
3D9M
3D9N
3D9O
3D9P","1.91
1.60
2.20
2.20
1.75
1.60
2.00
2.10","1-136
1-136
1-136
1-136
1-136
1-136
1-136
1-136",2DIW,-,1-137
Q9UPQ9,,,,,,
Q9UQB3,,,,,,
Q9UQF2,"2G01
2GMX
2H96
3OXI
3PTG
3VUD
3VUG
3VUH
3VUI
3VUK
3VUL
3VUM
4E73
4G1W
4H39
4HYS
4HYU
4IZY
5LW1","3.50
3.50
3.00
2.20
2.43
3.50
3.24
2.70
2.80
2.95
2.81
2.69
2.27
2.45
1.99
2.42
2.15
2.30
3.20","157-167
157-167
157-167
158-167
157-167
157-167
157-167
157-167
157-167
157-167
157-167
157-167
158-167
157-167
158-167
157-167
157-167
157-167
157-167",,,
Q9UQL6,5UWI,2.14,1078-1095,,,
Q9Y222,,,,2LLK,-,220-274
Q9Y228,,,,,,
Q9Y247,,,,,,
Q9Y250,,,,,,
Q9Y264,,,,,,
Q9Y2D5,,,,,,
Q9Y2G8,,,,,,
Q9Y2J4,,,,,,
Q9Y2K2,,,,,,
Q9Y2K5,,,,1WHR,-,147-257
Q9Y2W1,,,,,,
Q9Y2X9,,,,,,
Q9Y3S1,"6ELM
6FBK","1.14
1.74","454-549
454-549",,,
Q9Y467,,,,,,
Q9Y485,,,,,,
Q9Y4I7,,,,,,
Q9Y4P3,,,,,,
Q9Y520,,,,,,
Q9Y5C1,6EUA,2.10,242-460,,,
Q9Y5Q3,,,,,,
Q9Y618,"1KKQ
1R2B
2GPV
3R29
3R2A
4A69
4OAR
5X8Q
5X8X","3.00
2.20
2.85
2.90
3.00
2.06
2.41
2.20
2.60","2347-2365
1422-1438
2346-2367
2346-2361
2346-2361
389-480
2346-2362
2346-2367
2346-2367","1XC5
2L5G
2LTP
2ODD
2RT5","-
-
-
-
-","412-480
167-207
615-685
1109-1121
2518-2525"
Q9Y6D9,"1GO4
4DZO","2.05
1.76","485-584
597-718",,,
Q9Y6H1,,,,,,
Q9Y6N6,,,,,,
Q9Y6Q9,"3L3X
3L3Z","1.55
2.00","618-629
735-746",1KBH,-,1045-1091
Q9Y6R0,3F0W,2.70,60-204,,,
Q9Y6V0,,,,1UJD,-,4489-4592
R4GMR4,,,,,,
R4GMU1,,,,,,
R4GND3,,,,,,
R4GNG0,,,,,,
S4R407,,,,,,
T2CYZ2,,,,,,
U3KQ54,,,,,,
U3KQ57,,,,,,
U3KQB1,,,,,,
U3KQN1,,,,,,
V9GY86,,,,,,
V9GYB9,,,,,,
V9GYP6,,,,,,
W5U981,,,,,,
X5D2H2,,,,,,
X5DNC5,,,,,,
X6R4W8,,,,,,
X6RCC3,,,,,,
