Protein ID,Poly Repeats-Position,Poly Repeats-Amino Acids,Poly Repeats-Length,Rich Domain-Position,Rich Domain-Amino Acid
A0A024R102,,,,,
A0A024R152,,,,,
A0A024R167,,,,,
A0A024R1C4,,,,,
A0A024R1E2,,,,,
A0A024R1G4,,,,,
A0A024R1K2,,,,,
A0A024R1N5,,,,,
A0A024R1T4,,,,,
A0A024R258,,,,,
A0A024R3J3,,,,,
A0A024R3N2,,,,,
A0A024R4A5,,,,,
A0A024R502,,,,,
A0A024R5C3,,,,,
A0A024R5M9,,,,,
A0A024R734,,,,,
A0A024R7V7,,,,,
A0A024R7W4,,,,,
A0A024R7W5,,,,,
A0A024R872,,,,,
A0A024R9L9,,,,,
A0A024R9U8,,,,,
A0A024RB65,,,,,
A0A024RB92,,,,,
A0A024RBB0,,,,,
A0A024RBS8,,,,,
A0A024RD50,,,,,
A0A024RDH6,,,,,
A0A024RDX6,,,,,
A0A075B6E5,,,,,
A0A075B6F3,,,,,
A0A075B6W5,,,,,
A0A075B749,,,,,
A0A087WT04,,,,,
A0A087WT45,,,,,
A0A087WT53,,,,,
A0A087WU44,,,,,
A0A087WUA7,,,,,
A0A087WV02,,,,,
A0A087WV29,,,,,
A0A087WV69,,,,,
A0A087WV97,,,,,
A0A087WVF7,,,,,
A0A087WVF8,,,,,
A0A087WW63,,,,,
A0A087WW81,,,,,
A0A087WW92,,,,,
A0A087WWG1,,,,,
A0A087WWH3,,,,,
A0A087WWW7,,,,,
A0A087WX83,,,,,
A0A087WX84,,,,,
A0A087WXD9,,,,,
A0A087WXI0,,,,380-515,Pro
A0A087WXK3,,,,,
A0A087WXU1,,,,,
A0A087WY31,,,,,
A0A087WY61,,,,,
A0A087WZ03,,,,,
A0A087WZK9,,,,,
A0A087WZR3,,,,,
A0A087X0G5,,,,,
A0A087X0H8,,,,,
A0A087X0Q1,,,,,
A0A087X1A8,,,,,
A0A087X1E4,,,,,
A0A087X1T2,,,,,
A0A087X2A7,,,,,
A0A087X2G3,,,,,
A0A090N8E7,,,,,
A0A0A0MQW9,,,,,
A0A0A0MQZ3,,,,,
A0A0A0MR11,,,,,
A0A0A0MR59,,,,,
A0A0A0MR70,,,,,
A0A0A0MRA5,,,,,
A0A0A0MRE6,,,,,
A0A0A0MRF6,,,,,
A0A0A0MRS1,,,,,
A0A0A0MS38,,,,,
A0A0A0MS57,,,,,
A0A0A0MSI2,,,,,
A0A0A0MSK5,,,,,
A0A0A0MSK6,,,,,
A0A0A0MSP7,,,,,
A0A0A0MT00,,,,,
A0A0A0MT33,,,,,
A0A0A0MT46,,,,,
A0A0A0MT56,,,,,
A0A0A0MTC1,,,,,
A0A0A6YYG5,,,,,
A0A0B4J276,,,,,
A0A0C4DFN5,,,,,
A0A0C4DFQ4,,,,,
A0A0C4DFR1,,,,,
A0A0C4DG40,,,,,
A0A0C4DG68,,,,,
A0A0C4DG88,,,,,
A0A0C4DG90,,,,,
A0A0C4DG93,,,,,
A0A0C4DGG8,,,,,
A0A0C4DGH3,,,,,
A0A0C4DGI9,,,,,
A0A0C4DGT9,,,,,
A0A0C4DGU8,,,,,
A0A0D9SF16,,,,,
A0A0G2JHL6,,,,,
A0A0G2JII5,,,,,
A0A0G2JM16,,,,,
A0A0G2JN70,,,,,
A0A0G2JNU8,,,,,
A0A0G2JPA4,,,,,
A0A0G2JPU2,,,,,
A0A0G2JQM2,,,,,
A0A0G2JR50,,,,,
A0A0G2JS92,,,,,
A0A0G2JSD9,,,,,
A0A0H3W5T2,,,,,
A0A0J9YXJ0,,,,,
A0A0J9YY01,,,,,
A0A0K2GUT3,,,,,
A0A0M3L9V7,,,,,
A0A0S2Z417,,,,,
A0A0S2Z454,,,,,
A0A0S2Z4C8,,,,,
A0A0S2Z4N0,,,,,
A0A0S2Z596,,,,,
A0A0S2Z5C2,,,,,
A0A0S2Z5G4,,,,,
A0A0S2Z5M2,,,,,
A0A0U1RQC7,,,,,
A0A0U1RQE0,,,,,
A0A0U1RQE6,,,,,
A0A0U1RQK4,,,,,
A0A0U1RQM2,,,,,
A0A0U1RQP7,,,,,
A0A0U1RQR8,,,,,
A0A0U1RQY3,,,,,
A0A0U1RR87,,,,,
A0A0U1RRA6,,,,,
A0A0U1RRL7,,,,,
A0A0U1RRM6,,,,,
A0A0U3MX95,,,,,
A0A0U4C5A9,,,,,
A0A120HV04,,,,,
A0A140T936,,,,,
A0A140TA74,,,,,
A0A140VJN1,,,,,
A0A172Q381,,,,,
A0A1B0GTC4,,,,,
A0A1B0GTD9,,,,,
A0A1B0GTI1,,,,,
A0A1B0GTN9,,,,,
A0A1B0GTR8,,,,,
A0A1B0GTU5,,,,,
A0A1B0GTW1,,,,,
A0A1B0GTW2,,,,,
A0A1B0GU09,,,,,
A0A1B0GU24,,,,,
A0A1B0GU44,,,,,
A0A1B0GU65,,,,,
A0A1B0GU81,,,,,
A0A1B0GU98,,,,,
A0A1B0GUM1,,,,,
A0A1B0GUN0,,,,,
A0A1B0GUN3,,,,,
A0A1B0GUS3,,,,,
A0A1B0GUZ3,,,,,
A0A1B0GV03,,,,148-547,Glu
A0A1B0GV92,,,,,
A0A1B0GVI7,,,,,
A0A1B0GVQ3,,,,,
A0A1B0GVR9,,,,,
A0A1B0GVZ7,,,,,
A0A1B0GW10,,,,,
A0A1B0GW31,,,,,
A0A1B0GX09,,,,,
A0A1C7CYY9,,,,,
A0A1U9X799,,,,,
A0A1U9X7A9,,,,,
A0A1U9X7G7,,,,,
A0A1U9X7H1,,,,,
A0A1U9X996,,,,,
A0A1U9X9A5,,,,,
A0A1W2PNE7,,,,,
A0A1W2PNT5,,,,,
A0A1W2PNZ9,,,,,
A0A1W2PPK0,,,,,
A0A1W2PPM1,,,,,
A0A1W2PQ15,,,,,
A0A1W2PQJ7,,,,,
A0A1W2PQS1,,,,,
A0A1W2PQY5,,,,,
A0A1W2PS63,,,,,
A0A286YF23,,,,,
A0A2P9A9S7,,,,,
A0A2P9AAK9,,,,,
A0A2P9ABC1,,,,,
A0A2P9ACB3,,,,,
A0A2P9ACR8,,,,,
A0A2P9ADH8,,,,,
A0A2P9ADL1,,,,,
A0A2P9AF48,,,,,
A0A2P9AFP6,,,,,
A0A2P9AJP0,,,,,
A0A2P9AJR6,,,,,
A0A2P9AMK5,,,,,
A0A2P9ANC4,,,,,
A0A2P9AQT4,,,,,
A0A2P9ASM3,,,,,
A0A2P9ASM9,,,,,
A0A2P9ATD0,,,,,
A0A2P9ATS8,,,,,
A0A2P9ATU8,,,,,
A0A2P9AVQ3,,,,,
A0A2P9AWH6,,,,,
A0A2P9AXX3,,,,,
A0A2P9AXZ7,,,,,
A0A2Q2TH77,,,,,
A0AUX1,,,,,
A0AUY7,,,,,
A0PJB6,,,,,
A1A5A9,,,,,
A1A5D9,,,,,
A1L0S7,,,,,
A1L0S8,,,,,
A2A305,,,,,
A2BDE7,,,,,
A2NFR4,,,,,
A2RRS3,,,,,
A2RUB6,,,,,
A2VCQ9,,,,,
A2VDH9,,,,,
A2VDJ0,910-913,Ser,4,1302-1331,Ser
A2VDJ4,,,,,
A3KFK1,,,,,
A3KFK2,,,,,
A3KMG1,,,,,
A4D0S4,,,,,
A4D1A8,,,,,
A4D1E1,,,,,
A4D1E4,,,,,
A4D2E1,,,,,
A4FU49,123-126,Pro,4,,
A4FU96,,,,,
A4FU97,,,,,
A4QPE1,,,,,
A4UGR9,"278-282
1036-1041","Pro
Ser","5
6",2113-2201,Pro
A5D8W1,21-25,Ser,5,,
A5D8Z4,,,,,
A5HML1,,,,,
A5PLL1,,,,,
A6H8W8,,,,,
A6H8X0,,,,,
A6NC89,,,,,
A6NE01,913-916,Glu,4,1814-1943,Pro
A6NEM2,,,,,
A6NGG8,,,,1013-1095,Pro
A6NIY4,,,,278-363,Arg
A6NK53,,,,,
A6NKU9,,,,,
A6NNK5,,,,,
A6NP16,,,,,
A7MBM6,,,,,
A7MCY6,,,,343-434,Pro
A8CTZ0,,,,,
A8K033,,,,,
A8K081,,,,,
A8K122,,,,,
A8K194,,,,,
A8K2Z9,,,,,
A8K3W4,,,,,
A8K3Y6,,,,,
A8K720,,,,,
A8K8L1,,,,,
A8K8P3,,,,,
A8KAH2,,,,,
A8MTU2,,,,,
A8MUV4,,,,,
A8MV53,,,,,
A8MZ36,,,,,
B0I1S4,,,,,
B0QY86,,,,,
B0QYS6,,,,,
B0QYS7,,,,,
B0QZ55,,,,,
B0YIZ1,,,,,
B0YJC5,,,,,
B1AHD1,,,,,
B1AJU2,,,,,
B1AKD8,,,,,
B1AL88,"73-95
136-145","Gln
Gly","23
10",,
B1AMA2,,,,,
B1APH4,,,,,
B1AQ29,,,,,
B2BY28,,,,,
B2R8A2,,,,,
B2RA86,,,,,
B2RCA2,,,,,
B2REC8,,,,,
B2RTQ5,,,,,
B2RXF0,,,,,
B2ZDQ1,,,,,
B3KM38,,,,,
B3KM60,,,,,
B3KMZ9,,,,,
B3KN48,,,,,
B3KP57,,,,,
B3KQ62,,,,,
B3KQW0,,,,,
B3KR37,,,,,
B3KRA8,,,,,
B3KRE9,,,,,
B3KRK0,,,,,
B3KRK8,,,,,
B3KRM3,,,,,
B3KS47,,,,,
B3KS98,,,,,
B3KSB3,,,,,
B3KSX2,,,,,
B3KT42,,,,,
B3KTH8,,,,,
B3KTN0,,,,,
B3KTW4,,,,,
B3KU37,,,,,
B3KU63,,,,,
B3KUM1,,,,,
B3KUR6,,,,,
B3KUU9,,,,,
B3KVE2,,,,,
B3KWH4,,,,,
B3KWP2,,,,,
B3KWU4,,,,,
B3KWW8,,,,,
B3KX39,,,,,
B3KXF6,,,,,
B3KXK2,,,,,
B3KXW9,,,,,
B3KYA9,,,,,
B3VRK5,,,,,
B3VTS8,,,,,
B4DDE7,,,,,
B4DDZ2,,,,,
B4DE42,,,,,
B4DE54,,,,,
B4DEM8,,,,,
B4DEQ6,,,,,
B4DEY4,,,,,
B4DF07,,,,,
B4DF22,,,,,
B4DF54,,,,,
B4DFD9,,,,,
B4DFX6,,,,,
B4DG08,,,,,
B4DG60,,,,,
B4DG61,,,,,
B4DGD6,,,,,
B4DGF6,,,,,
B4DGQ9,,,,,
B4DH21,,,,,
B4DH37,,,,,
B4DH66,,,,,
B4DH95,,,,,
B4DHA1,,,,,
B4DHH6,,,,,
B4DHH8,,,,,
B4DHI1,,,,,
B4DHK1,,,,,
B4DIB6,,,,,
B4DIN7,,,,,
B4DIR9,,,,,
B4DIS0,,,,,
B4DJH6,,,,,
B4DJV8,,,,,
B4DK97,,,,,
B4DKB9,,,,,
B4DKI9,,,,,
B4DKU3,,,,,
B4DKV6,,,,,
B4DL21,,,,,
B4DL88,,,,,
B4DL98,,,,,
B4DLC8,,,,,
B4DLE1,,,,,
B4DLU3,,,,,
B4DLW1,,,,,
B4DM27,,,,,
B4DM43,,,,,
B4DM66,,,,,
B4DMA8,,,,,
B4DMB2,,,,,
B4DMK5,,,,,
B4DMV4,,,,,
B4DN36,,,,,
B4DN68,,,,,
B4DN85,,,,,
B4DNR7,,,,,
B4DPC1,,,,,
B4DPG6,,,,,
B4DPK0,,,,,
B4DPR1,,,,,
B4DPU0,,,,,
B4DPV2,,,,,
B4DPW8,,,,,
B4DQ49,,,,,
B4DQL3,,,,,
B4DQN8,,,,,
B4DQR8,,,,,
B4DQW7,,,,,
B4DR08,,,,,
B4DR65,,,,,
B4DRB6,,,,,
B4DRP8,,,,,
B4DRS8,,,,,
B4DRU9,,,,,
B4DRX0,,,,,
B4DSN8,,,,,
B4DST1,,,,,
B4DT23,,,,,
B4DT65,,,,,
B4DT94,,,,,
B4DTD4,,,,,
B4DTP3,,,,,
B4DTW9,,,,,
B4DTY7,,,,,
B4DTZ9,,,,,
B4DU05,,,,,
B4DU15,,,,,
B4DU24,,,,,
B4DU33,,,,,
B4DU44,,,,,
B4DUB1,,,,,
B4DUE5,,,,,
B4DUF7,,,,,
B4DUG4,,,,,
B4DV06,,,,,
B4DVQ2,,,,,
B4DVS8,,,,,
B4DVV1,,,,,
B4DWB3,,,,,
B4DWF6,,,,,
B4DWL1,,,,,
B4DWR5,,,,,
B4DX23,,,,,
B4DX26,,,,,
B4DX97,,,,,
B4DXH2,,,,,
B4DY25,,,,,
B4DY59,,,,,
B4DY85,,,,,
B4DYE2,,,,,
B4DYF4,,,,,
B4DYF9,,,,,
B4DYM7,,,,,
B4DYQ1,,,,,
B4DYR7,,,,,
B4DYT5,,,,,
B4DYU3,,,,,
B4DYU7,,,,,
B4DZ54,,,,,
B4DZ64,,,,,
B4DZF6,,,,,
B4DZJ6,,,,,
B4DZM1,,,,,
B4DZX0,,,,,
B4E008,,,,,
B4E063,,,,,
B4E091,,,,,
B4E0A3,,,,,
B4E0R5,,,,,
B4E129,,,,,
B4E151,,,,,
B4E1D4,,,,,
B4E1M3,,,,,
B4E1U2,,,,,
B4E1Z2,,,,,
B4E231,,,,,
B4E247,,,,,
B4E2D4,,,,,
B4E2J7,,,,,
B4E2K2,,,,,
B4E2V3,,,,,
B4E392,,,,,
B4E3H4,,,,,
B4E3L4,,,,,
B4E3N9,,,,,
B5MCF1,,,,,
B5MCG9,,,,,
B5MCN7,,,,,
B5MCU0,,,,,
B5MCX3,,,,,
B5MD46,,,,,
B7WNT5,,,,,
B7Z240,,,,,
B7Z2H6,,,,,
B7Z2S1,,,,,
B7Z2U5,,,,,
B7Z3A4,,,,,
B7Z3J2,,,,,
B7Z432,,,,,
B7Z4B8,,,,,
B7Z5C6,,,,,
B7Z5H6,,,,,
B7Z5W0,,,,,
B7Z695,,,,,
B7Z6D2,,,,,
B7Z7D4,,,,,
B7Z7H3,,,,,
B7Z803,,,,,
B7Z863,,,,,
B7Z876,,,,,
B7Z879,,,,,
B7Z8E3,,,,,
B7Z8F8,,,,,
B7Z8I2,,,,,
B7Z8J2,,,,,
B7Z8L3,,,,,
B7Z8M2,,,,,
B7Z8M9,,,,,
B7Z8V6,,,,,
B7Z954,,,,,
B7ZA74,,,,,
B7ZKX1,,,,,
B7ZL21,,,,,
B7ZL72,,,,,
B7ZLC4,,,,,
B7ZLH2,,,,,
B7ZLK5,,,,,
B7ZLN9,,,,,
B7ZMJ3,,,,,
B8XCX8,,,,,
B9DI82,,,,,
B9EIJ4,,,,,
B9EK46,,,,,
B9EK61,,,,,
C0JKD5,,,,,
C0JKD6,,,,,
C0LUL1,,,,,
C7AZ55,,,,,
C9J0Q5,,,,,
C9J1N5,,,,,
C9J235,,,,,
C9J2C1,,,,,
C9J4L5,,,,,
C9J4Q7,,,,,
C9J5T4,,,,,
C9J715,,,,,
C9J7T7,,,,,
C9J835,,,,,
C9J896,,,,,
C9JA20,,,,,
C9JBE8,,,,,
C9JBI8,,,,,
C9JC47,,,,71-94,Gln
C9JCQ3,,,,,
C9JD84,,,,,
C9JDD7,,,,,
C9JEK5,,,,,
C9JES0,,,,,
C9JH18,,,,,
C9JHW1,,,,,
C9JIR0,,,,,
C9JJ12,,,,,
C9JJK5,,,,,
C9JJY0,,,,,
C9JJZ6,,,,,
C9JLN7,,,,,
C9JN33,,,,,
C9JQP8,,,,,
C9JQV6,,,,,
C9JS61,,,,,
C9JTA2,,,,,
C9JUG3,,,,,
C9JVY5,,,,,
C9JWK5,,,,,
C9JYI7,,,,,
C9K086,,,,,
C9K0C9,,,,,
C9K0S7,,,,,
D2CT63,,,,,
D2CT64,,,,,
D2CT65,,,,,
D2CT66,,,,,
D2CT68,,,,,
D2CT69,,,,,
D2CT71,,,,,
D2CT72,,,,,
D2CT73,,,,,
D2CTD2,,,,,
D2CTD5,,,,,
D2CTD6,,,,,
D2CTD9,,,,,
D2CTE1,,,,,
D2CTE3,,,,,
D2CTE8,,,,,
D2CTE9,,,,,
D2CTF0,,,,,
D2CTF1,,,,,
D2CTF2,,,,,
D2CTF3,,,,,
D2CTF4,,,,,
D2CTF5,,,,,
D2CTF7,,,,,
D2CTF8,,,,,
D2CTG1,,,,,
D2CTG3,,,,,
D2KF13,,,,,
D3DQT7,,,,,
D3DR32,,,,,
D3DSN9,,,,,
D3DT44,,,,,
D3DTW3,,,,,
D3DUR9,,,,,
D3DUX0,,,,,
D3DV25,,,,,
D3DVA8,,,,,
D3DVB3,,,,,
D3DVJ3,,,,,
D3DW56,,,,,
D3DWL0,,,,,
D3DWY6,,,,,
D3VVA9,,,,,
D3VVB0,,,,,
D3VVB2,,,,,
D3VVB3,,,,,
D3VVB6,,,,,
D3VVC4,,,,,
D3VVC7,,,,,
D3VVC9,,,,,
D3VVD1,,,,,
D3VVD3,,,,,
D3VVD6,,,,,
D3VVD9,,,,,
D3VVE3,,,,,
D3VVE5,,,,,
D3VVE6,,,,,
D3VVF3,,,,,
D3VVF6,,,,,
D3VVF7,,,,,
D3VVF9,,,,,
D3VVG0,,,,,
D3VVG1,,,,,
D3VVG4,,,,,
D3VVG5,,,,,
D3VVH0,,,,,
D3VVH3,,,,,
D3VVH4,,,,,
D3VVH5,,,,,
D3VVH7,,,,,
D3VVH8,,,,,
D3VVI0,,,,,
D3VVI1,,,,,
D3VVI2,,,,,
D3VVI3,,,,,
D3VVI5,,,,,
D3VVI8,,,,,
D3VVJ1,,,,,
D3VVJ2,,,,,
D3VVJ4,,,,,
D3VVJ5,,,,,
D3VVJ7,,,,,
D3VVJ8,,,,,
D3VVJ9,,,,,
D3VVK1,,,,,
D3VVK3,,,,,
D3VVK7,,,,,
D3VVK8,,,,,
D3VVL2,,,,,
D3VVL4,,,,,
D3VVL5,,,,,
D3VVL6,,,,,
D3VVL7,,,,,
D3VVL8,,,,,
D3VVL9,,,,,
D3VVM0,,,,,
D3VVM1,,,,,
D3VVM3,,,,,
D3VVM4,,,,,
D3VVM5,,,,,
D3VVN0,,,,,
D3VVN1,,,,,
D3VVN2,,,,,
D3VVN3,,,,,
D3VVN4,,,,,
D3VVN5,,,,,
D3VVN7,,,,,
D3VVN9,,,,,
D3VVP0,,,,,
D3VVP4,,,,,
D3VVP5,,,,,
D3VVP8,,,,,
D3VVP9,,,,,
D3VVQ3,,,,,
D3VVQ5,,,,,
D3VVQ6,,,,,
D3VVQ7,,,,,
D3VVR2,,,,,
D3VVR3,,,,,
D3VVR4,,,,,
D3VVR5,,,,,
D3VVR6,,,,,
D3VVR7,,,,,
D3VVR8,,,,,
D3VVR9,,,,,
D3VVS0,,,,,
D3VVS1,,,,,
D3VVS5,,,,,
D3VVT0,,,,,
D3VVT1,,,,,
D3VVT6,,,,,
D3YTJ2,,,,,
D5HR46,,,,,
D6PAV9,,,,,
D6RBH1,,,,,
D6RC65,,,,,
D6RD21,,,,,
D6RDY6,,,,,
D6REC4,,,,,
D6REX3,,,,,
D6RF55,,,,,
D6RFM1,,,,,
D6RGZ3,,,,,
D6RIA3,,,,"237-312
310-343
1536-1599","Ser
Gly
Pro"
D6RTK6,,,,,
D6W623,,,,,
E5RGT6,,,,,
E5RH64,,,,,
E7ENC5,,,,,
E7ENN3,,,,,
E7ENS9,,,,,
E7EPJ2,,,,,
E7EPN6,,,,,
E7EPN9,,,,,
E7EQS8,,,,,
E7ER26,,,,,
E7ERW7,,,,,
E7ESB6,,,,,
E7ESR8,,,,,
E7ET67,,,,,
E7ETD6,,,,,
E7EU81,,,,,
E7EVZ1,,,,,
E7EWD6,,,,,
E7EWM1,,,,,
E7EX82,,,,,
E9PAK5,,,,,
E9PBB9,,,,,
E9PC87,,,,,
E9PD50,,,,,
E9PDN5,,,,,
E9PE19,,,,,
E9PE96,,,,,
E9PED7,,,,,
E9PF19,,,,,
E9PFB4,,,,,
E9PFB9,,,,,
E9PFH2,,,,,
E9PHH0,,,,,
E9PIY2,,,,,
E9PL27,,,,,
E9PL74,,,,,
E9PLV1,,,,,
E9PMC9,,,,,
E9PMP7,,,,,
E9PMS6,,,,,
E9PMT2,,,,,
E9PN76,,,,,
E9PNA6,,,,,
E9PP99,,,,,
E9PQ01,,,,,
E9PQM3,,,,,
E9PR38,,,,,
E9PRS0,,,,,
E9PSG0,,,,,
F1D8P7,,,,,
F1T0K4,,,,,
F2FB34,,,,,
F2Z3A8,,,,,
F5GWA7,,,,,
F5GWT4,,,,,
F5GXF5,,,,,
F5GXQ8,,,,,
F5GZK9,,,,,
F5H0I3,,,,,
F5H211,,,,,
F5H269,,,,,
F5H2E6,,,,,
F5H2X7,,,,,
F5H4B6,,,,,
F5H4N4,,,,,
F5H7D6,,,,,
F5H8E7,,,,,
F6QTA4,,,,,
F6X344,,,,,
F6XZD3,,,,,
F8VQP2,,,,,
F8VSD5,,,,,
F8VU11,,,,,
F8VU39,,,,,
F8VU56,,,,,
F8VVW7,,,,,
F8VVX6,,,,,
F8VW95,,,,,
F8VWL0,,,,,
F8VX55,,,,,
F8VXC8,,,,,
F8VYL0,,,,,
F8VZC1,,,,,
F8W108,,,,,
F8W1J4,,,,,
F8W6A0,,,,,
F8W726,,,,,
F8W785,,,,,
F8W946,,,,,
F8W9F9,,,,,
F8WAE6,,,,,
F8WB05,,,,,
F8WB06,,,,,
F8WCI3,,,,,
F8WCU9,,,,,
F8WD26,,,,,
F8WEU7,,,,,
G3V1P5,,,,,
G3V1Q5,,,,,
G3V236,,,,,
G3V2G1,,,,,
G3V2G2,,,,,
G3V2J9,,,,,
G3V3R7,,,,,
G3V3T6,,,,,
G3V3U6,,,,,
G3V4R8,,,,,
G3V4Y7,,,,,
G3V577,,,,,
G3V599,,,,,
G5E963,,,,,
G5EA06,,,,,
G5EA30,,,,,
H0Y2M0,,,,,
H0Y2R3,,,,,
H0Y2R6,,,,,
H0Y2W2,,,,,
H0Y2X5,,,,,
H0Y2Y8,,,,,
H0Y362,,,,,
H0Y390,,,,,
H0Y3K4,,,,,
H0Y424,,,,,
H0Y474,,,,,
H0Y488,,,,,
H0Y493,,,,,
H0Y4E8,,,,,
H0Y4R4,,,,,
H0Y5D5,,,,,
H0Y5I7,,,,,
H0Y623,,,,,
H0Y638,,,,,
H0Y6K5,,,,,
H0Y6Y0,,,,,
H0Y720,,,,,
H0Y765,,,,,
H0Y7H8,,,,,
H0Y7J9,,,,,
H0Y7L6,,,,,
H0Y7M0,,,,,
H0Y7R3,,,,,
H0Y7T5,,,,,
H0Y7V5,,,,,
H0Y7Z4,,,,,
H0Y803,,,,,
H0Y865,,,,,
H0Y867,,,,,
H0Y882,,,,,
H0Y8P2,,,,,
H0Y8V7,,,,,
H0Y8W8,,,,,
H0Y904,,,,,
H0Y920,,,,,
H0Y961,,,,,
H0Y9G8,,,,,
H0Y9P1,,,,,
H0YAB3,,,,,
H0YAD4,,,,,
H0YB49,,,,,
H0YBB6,,,,,
H0YBC8,,,,,
H0YBG5,,,,,
H0YBS0,,,,,
H0YBV3,,,,,
H0YCE3,,,,,
H0YCS3,,,,,
H0YDE2,,,,,
H0YDJ4,,,,,
H0YDK8,,,,,
H0YDM2,,,,,
H0YDN1,,,,,
H0YDP6,,,,,
H0YDQ3,,,,,
H0YDQ5,,,,,
H0YEH2,,,,,
H0YEL0,,,,,
H0YET8,,,,,
H0YEZ9,,,,,
H0YF09,,,,,
H0YFY6,,,,,
H0YG27,,,,,
H0YGK7,,,,,
H0YGV0,,,,,
H0YH79,,,,,
H0YH87,,,,,
H0YHX7,,,,,
H0YI12,,,,,
H0YIR4,,,,,
H0YJ97,,,,,
H0YJV5,,,,,
H0YK27,,,,,
H0YKH5,,,,,
H0YLI3,,,,,
H0YLQ3,,,,,
H0YM23,,,,,
H0YMR0,,,,,
H3BM60,,,,,
H3BMH7,,,,,
H3BPE1,,,,,
H3BQK9,,,,,
H3BRN2,,,,,
H3BSE0,,,,,
H3BSM9,,,,,
H3BTQ1,,,,,
H7BXG7,,,,,
H7BXU4,,,,,
H7BY04,,,,,
H7BY37,,,,,
H7BY63,,,,,
H7BYJ9,,,,,
H7BZ55,227-230,Leu,4,"646-881
1540-1653","Gln
Gln"
H7BZ76,,,,,
H7BZK0,,,,,
H7BZV2,,,,,
H7BZV6,,,,,
H7BZW9,,,,,
H7C066,,,,,
H7C080,,,,,
H7C0E9,,,,,
H7C0G7,,,,,
H7C0P0,,,,,
H7C1C4,,,,,
H7C1I2,,,,,
H7C1L2,,,,,
H7C1L3,,,,,
H7C1T1,,,,,
H7C269,,,,,
H7C2W2,,,,,
H7C2Y0,,,,,
H7C308,,,,,
H7C3I0,,,,,
H7C3L1,,,,,
H7C3M8,,,,,
H7C3N7,,,,,
H7C3R1,,,,,
H7C446,,,,,
H7C488,,,,,
H7C4L7,,,,,
H7C4S7,,,,,
H7C4U7,,,,,
H7C4Z9,,,,,
H7C535,,,,,
H7C5F9,,,,,
H7C5G6,,,,,
H7C5L8,,,,,
H7C5T8,,,,,
H9KVA9,,,,,
H9XFB6,,,,,
I1E4Y6,,,,,
I1VE16,,,,,
I3L0A5,,,,,
I3L1L3,,,,,
I3L251,,,,,
I3L286,,,,,
I3L2I2,,,,,
I3L414,,,,,
I3L466,,,,,
I6L9B5,,,,,
I6L9E8,,,,,
I6W807,,,,,
J3KN66,,,,,
J3KNL2,,,,,
J3KP06,,,,,
J3KP97,,,,,
J3KPG5,,,,,
J3KPJ0,,,,,
J3KPQ8,,,,,
J3KPY5,,,,,
J3KQH6,,,,,
J3KRP8,,,,,
J3KRW6,,,,,
J3KRY8,,,,,
J3KS16,,,,,
J3KSK9,,,,,
J3KSU3,,,,,
J3KTB6,,,,,
J3KTD4,,,,,
J3KTN9,,,,,
J3QK86,,,,,
J3QK89,,,,,
J3QL04,,,,,
J3QLR4,,,,,
J3QQM3,,,,,
J3QQT0,,,,,
J3QR12,,,,,
J3QRH7,,,,,
J3QS41,,,,,
J3QSH4,,,,,
J3QT09,,,,,
J9JIC7,,,,,
J9JIH8,,,,,
K3W4U1,,,,,
K4DI93,,,,,
K4DI94,,,,,
K4DIE0,,,,,
K7EIF9,,,,,
K7EIZ8,,,,,
K7EJB6,,,,,
K7EJR7,,,,,
K7EK50,,,,,
K7EK93,,,,,
K7EKF7,,,,,
K7EKI0,,,,,
K7ELG0,,,,,
K7EMP1,,,,,
K7ENS1,,,,,
K7EPA1,,,,,
K7EQ61,,,,,
K7EQ95,,,,,
K7EQH5,,,,,
K7EQY9,,,,,
K7ERU2,,,,,
K9JA49,,,,,
L0R4V2,,,,,
L7R9R4,,,,,
L8ECN6,,,,,
M0QX46,,,,,
M0QY43,,,,,
M0QZ42,,,,,
M0R3F1,,,,,
M5FMX3,,,,,
O00308,,,,,
O00461,,,,"311-681
404-513","Glu
Gln"
O00555,"13-18
727-732
1002-1007
1204-1207
2211-2220
2221-2224
2314-2324","Gly
Glu
Arg
Glu
His
Pro
Gln","6
6
6
4
10
4
11",,
O14497,"479-482
561-567
998-1001","Gln
Gln
Ser","4
7
4",1327-1404,Gln
O14595,,,,,
O14646,,,,"1-70
117-137","Ser
Ser"
O14649,,,,,
O14672,,,,555-673,Cys
O14686,"1351-1355
2385-2392
2707-2713
5494-5497","Glu
Pro
Ala
Ile","5
8
7
4","229-326
374-1197
1290-1328
1397-1510
2107-2626
2811-2822
2862-2978
3261-4275
4241-4360
4909-4977","Cys
Pro
Arg
Cys
Pro
Gln
Pro
Gln
Pro
Pro"
O14726,,,,,
O14776,1083-1087,Pro,5,"32-132
169-258
260-331
328-378
454-515","Pro
Ala/Gln
Thr
Pro
Glu"
O14893,101-106,Gln,6,,
O14910,"210-213
217-229","Gln
Gln","4
13",,
O14965,,,,,
O15063,"551-555
695-700
1037-1044","Ser
Pro
Pro","5
6
8",,
O15212,,,,,
O15265,"16-20
23-28
30-39
40-45
51-55
171-174
213-219
647-654
717-730
840-845","Ala
Ala
Gln
Pro
Pro
Ser
Ser
Ser
Ser
Ser","5
6
10
6
5
4
7
8
14
6","30-49
40-65
171-219
402-486
640-851","Gln
Pro
Ser
Pro
Ser"
O15302,,,,,
O15320,,,,689-800,Pro
O15372,,,,,
O15400,,,,,
O15405,"32-35
245-250","Asn
Lys","4
6",431-572,Gln
O15409,,,,53-268,Gln
O15418,,,,,
O15480,,,,,
O15516,819-828,Gln,10,744-760,Gln
O43180,,,,,
O43186,,,,,
O43670,,,,,
O43765,,,,275-287,Gln
O60293,,,,"34-132
542-616","Ser
Pro"
O60299,"60-63
122-125
282-290
298-306
550-553","Gly
Ser
Ser
Gly
Ala","4
4
9
9
4",,
O60374,,,,,
O60424,,,,,
O60583,665-671,Pro,7,530-660,Ser
O60663,282-288,Gln,7,,
O60741,857-863,Pro,7,"1-80
726-756","Gly
Gln"
O60885,"703-714
738-743
757-761
764-770
771-775
776-783
954-964
974-986
1011-1014
1028-1033
1283-1300
1301-1308
1335-1338","Ser
His
Pro
Pro
Gln
Pro
Pro
Pro
Pro
Pro
Gln
Ala
Arg","12
6
5
7
5
8
11
13
4
6
18
8
4","535-594
692-717","Lys
Ser"
O75030,,,,,
O75038,,,,,
O75052,301-308,Gln,8,,
O75064,,,,"886-923
1106-1158","Gln
Ser"
O75069,,,,,
O75157,,,,,
O75179,,,,"96-110
858-1008
1603-1700
1950-2106
1966-2033","Gly
Gln
Ser
Ser
Thr"
O75348,,,,,
O75376,"58-64
593-603
1032-1035
1707-1712
1952-1963","Gln
Ala
Pro
Ala
Ser","7
11
4
6
12",607-617,Pro
O75396,,,,,
O75420,"203-210
266-271
335-339
596-602
603-608
969-975","Glu
Gly
Glu
Pro
Gln
Gln","8
6
5
7
6
7",548-617,Gln
O75449,,,,,
O75460,,,,,
O75529,,,,,
O75589,,,,,
O75791,,,,,
O75909,312-315,Gln,4,,
O76031,,,,,
O76037,,,,,
O76064,,,,276-345,Gln
O76074,10-24,Gln,15,,
O76094,"552-561
662-665","Lys
Lys","10
4",,
O94759,,,,,
O94829,,,,,
O94830,,,,,
O94876,,,,,
O94913,,,,"328-436
703-1080","Lys
Gly"
O94916,"739-743
879-888
966-971
1248-1266","Gln
Gln
Thr
Gln","5
10
6
19",69-100,Ser
O94927,,,,,
O94964,,,,,
O94967,,,,425-474,Gln
O94979,,,,800-1091,Pro
O94986,,,,,
O95104,"155-158
304-311
313-316
716-723
740-746
957-966","Pro
Ala
Pro
Pro
Pro
Gln","4
8
4
8
7
10",,
O95155,,,,,
O95235,,,,,
O95239,,,,,
O95264,,,,,
O95319,,,,284-397,Ala
O95387,,,,,
O95479,,,,,
O95613,,,,214-795,Glu
O95630,,,,104-177,Glu
O95670,,,,,
O96020,,,,,
P01266,,,,,
P02751,,,,,
P02808,,,,,
P06727,,,,372-389,Gln/Glu
P06734,,,,,
P06850,,,,,
P07101,85-90,Ala,6,,
P07357,,,,,
P07476,,,,,
P08047,,,,"36-143
271-379","Ser/Thr
Ser/Thr"
P08670,,,,,
P09172,,,,,
P0C7V6,,,,652-806,Gln
P0CG23,473-483,Arg,11,"86-412
313-414","Gln
Glu"
P0CG42,,,,71-95,Gln
P0CG43,,,,73-98,Gln
P0CW18,,,,,
P0CW23,,,,,
P0CW27,,,,288-410,Ser
P0DKL9,,,,92-126,Cys
P10070,,,,789-876,Ser
P10075,,,,,
P10253,,,,,
P10275,"58-80
86-91
195-199
374-383
398-404
451-473","Gln
Gln
Gln
Pro
Ala
Gly","23
6
5
10
7
23",58-120,Gln
P10827,,,,,
P11277,,,,,
P11509,,,,,
P11532,,,,,
P11831,,,,"13-142
80-90
242-258","Gly
Asp/Glu-rich (ac
Asp/Glu-rich (ac"
P12821,,,,,
P14859,,,,,
P16157,,,,,
P16220,,,,,
P17661,,,,,
P17947,,,,,
P18627,,,,,
P19484,35-44,Gln,10,"10-44
366-414","Gln
Pro"
P20226,55-95,Gln,41,,
P20265,"68-90
125-149","Gly
Gln","23
25",,
P20794,,,,309-368,Glu/Pro
P22004,,,,,
P22528,,,,,
P22670,,,,"381-411
920-936","Gly
Asp/Glu-rich (ac"
P23467,,,,,
P23469,,,,,
P23511,,,,14-161,Gln
P24043,,,,,
P24347,,,,,
P26640,,,,,
P27469,,,,,
P28356,131-140,Gly,10,"125-159
175-188","Gly
Ser/Thr"
P33240,,,,"198-409
470-526","Gly/Pro
Gly/Pro"
P33402,51-58,Ala,8,51-76,Ala
P35326,,,,,
P35711,,,,,
P35712,"280-285
313-317","Ala
Ala","6
5",219-261,Gln
P35869,,,,600-640,Gln
P35998,,,,,
P37802,,,,,
P40222,,,,,
P41214,,,,,
P41229,,,,,
P42229,,,,,
P42566,,,,768-850,Pro
P42694,,,,,
P42858,"18-38
39-49
63-78
1437-1440
2341-2345
2638-2643","Gln
Pro
Pro
Thr
Glu
Glu","21
11
16
4
5
6",,
P43699,"234-243
246-253
294-303","Gly
Gln
Ala","10
8
10",,
P46100,"745-750
1151-1156
1166-1169
1202-1206
1259-1266
1443-1466
1499-1502
1929-1939
1941-1948
2222-2225
2262-2265
2420-2425","Ser
Ser
Lys
Ser
Asp
Glu
Glu
Lys
Ser
Lys
Glu
Gln","6
6
4
5
8
24
4
11
8
4
4
6",,
P46379,,,,"195-273
394-681","Pro
Pro"
P46531,"1575-1578
1661-1664
1728-1731
1740-1743
1901-1904
2259-2262
2403-2406
2410-2417
2521-2524","Val
Arg
Pro
Ala
Glu
Gly
Gln
Pro
Ser","4
4
4
4
4
4
4
8
4",,
P46736,,,,,
P46939,,,,,
P47895,,,,,
P48378,,,,,
P48380,,,,,
P48507,,,,,
P48634,"466-471
472-475
658-669
696-700
826-833
913-916
955-958
1139-1142
1239-1244
1355-1360
1413-1421
1451-1457","Arg
Glu
Gln
Pro
Pro
Pro
Pro
Pro
Arg
Gly
Gly
Pro","6
4
12
5
8
4
4
4
6
6
9
7",,
P48645,,,,,
P48681,,,,,
P49454,,,,,
P49750,,,,"15-205
382-430
1002-1404
1683-1772","Pro
Gln
Arg
Arg"
P49792,,,,,
P50222,"42-47
68-80
81-86","Ser
His
Gln","6
13
6",,
P50553,"33-47
51-62","Ala
Gln","15
12",,
P50616,"237-245
249-256
257-262","Gln
Pro
Gln","9
8
6",,
P51003,"53-57
504-507","Glu
Lys","5
4",,
P51449,121-130,Gln,10,,
P51531,"216-238
245-253
559-562
643-650
1297-1301
1518-1529","Gln
Gln
Arg
Glu
Glu
Glu","23
9
4
8
5
12",,
P51610,,,,,
P51800,,,,,
P51814,,,,,
P52333,,,,,
P52630,,,,,
P52655,"71-80
81-87","Gln
His","10
7",,
P52756,,,,,
P53365,,,,,
P54098,"43-60
535-538","Gln
Glu","18
4",,
P54198,"408-412
640-643
805-808","Gln
Lys
Val","5
4
4",,
P54252,292-305,Gln,14,,
P54253,197-225,Gln,29,,
P54259,"302-305
376-382
386-397
442-447
479-483
484-502
509-512
569-579
709-712","Pro
Ser
Ser
Pro
His
Gln
Pro
Ser
Pro","4
7
12
6
5
19
4
11
4","73-82
807-820
821-832
930-939","Glu/Ser
Ala/Arg
Arg/Glu-rich (mixed ch
Arg/Glu-rich (mixed ch"
P54727,"103-106
254-260
261-269
336-348","Thr
Ala
Thr
Gly","4
7
9
13",,
P55001,,,,59-73,Gln/Glu
P55055,190-195,Ser,6,,
P55198,"275-282
326-338
822-829
1040-1051","Ser
Ser
Ser
Ala","8
13
8
12","190-211
834-862
935-984
1069-1080","Gly/Ser
Pro
Gln
Gly"
P55268,,,,,
P55345,,,,,
P55347,,,,,
P55769,,,,,
P56524,,,,,
P56645,"567-570
750-753","Ser
Ser","4
4","769-895
962-1081","Pro
Ser"
P57071,"92-97
690-695
1499-1503","Pro
Thr
Gln","6
6
5",,
P60153,,,,,
P78364,425-441,Gln,17,,
P78424,,,,"167-446
197-293
435-461","Gln
Pro
Ser"
P80188,,,,,
P87889,,,,"168-257
611-666","Pro
Gln"
Q00577,,,,"11-53
293-322","Gly
Gln/Glu-rich (part of the transcriptional activation do"
Q01658,,,,121-168,Ala/Gln
Q01664,,,,"193-222
225-244","Gln
Pro"
Q01780,,,,,
Q01826,"591-607
609-614","Gln
Pro","17
6",,
Q01970,,,,,
Q02078,,,,"4-31
141-186
420-446","Lys-rich (b
Ser/Thr
Gln/Pro"
Q02086,,,,,
Q02108,,,,,
Q02224,,,,,
Q02446,"7-11
12-19
122-130
185-188","Glu
Ala
Ser
Ser","5
8
9
4",,
Q02447,"21-31
35-39","Gly
Gln","11
5",44-100,Ala
Q02779,2-5,Glu,4,449-463,Arg/Lys-rich (b
Q02818,401-407,Gln,7,,
Q02928,"24-31
131-134","Leu
Leu","8
4",,
Q02930,,,,,
Q04724,,,,,
Q04725,,,,,
Q04727,,,,,
Q05195,,,,,
Q05BK6,,,,,
Q05BL1,,,,,
Q05D32,,,,,
Q05D60,,,,,
Q05GC8,,,,,
Q06730,,,,,
Q06732,,,,,
Q07065,"71-77
85-94
118-121","Gly
Ala
Ala","7
10
4",36-59,Pro
Q07283,,,,,
Q08117,,,,"1-131
132-165","Gln-rich (Q do
Gly/Pro-rich (GP do"
Q08379,"46-51
449-455
704-715","Lys
Pro
Glu","6
7
12",,
Q08828,,,,,
Q08E86,,,,,
Q09472,"797-800
1519-1526
2066-2069
2190-2195","Ser
Glu
Gln
Gln","4
8
4
6",,
Q0IIN7,,,,,
Q0P607,,,,,
Q0PRL4,,,,,
Q0VAK6,449-457,Pro,9,86-179,Glu
Q0VF49,,,,,
Q0VG99,,,,,
Q10571,523-552,Gln,30,"42-144
336-517
635-767","Gly/His
Pro
Pro"
Q12772,,,,"52-124
125-244","Gly/Pro/Ser
Gln"
Q12774,,,,,
Q12800,314-319,Pro,6,396-413,Gln
Q12830,2848-2853,Lys,6,"143-180
149-185
1709-1803
2338-2361
2795-2817","Glu
Asp
Thr
Thr
Pro"
Q12888,"1642-1646
1760-1764","Ser
Glu","5
5",,
Q13017,,,,1225-1245,Lys
Q13111,"602-608
619-623
905-911","Glu
Asp
Glu","7
5
7",323-453,Arg/Glu/Lys
Q13488,,,,,
Q13495,"348-359
492-502
595-606","Pro
Gln
Gln","12
11
12",,
Q13620,,,,3-193,Ser
Q13625,,,,"132-173
824-902","Gln
Pro"
Q13733,,,,,
Q13753,,,,,
Q13790,,,,,
Q13950,"49-71
73-89","Gln
Ala","23
17",237-521,Pro/Ser/Thr
Q13952,,,,,
Q14119,340-354,Gln,15,,
Q14146,,,,,
Q14157,,,,,
Q14320,,,,,
Q14667,,,,,
Q14671,,,,"393-613
475-523
642-815","Ala
Gln
Ser"
Q14686,"372-377
913-918","Pro
Lys","6
6",227-1041,Gln
Q14690,,,,,
Q14738,,,,,
Q14766,,,,100-130,Pro
Q14774,125-137,Gln,13,"92-169
366-454","Pro
Ser"
Q14789,"2420-2423
2993-2996","Glu
Ser","4
4",,
Q14814,"252-255
451-456","Pro
Pro","4
6","3-31
365-404","Arg/Lys-rich (b
Gln/Pro"
Q14980,,,,,
Q149N8,,,,,
Q14BN4,,,,,
Q15007,,,,,
Q15016,,,,,
Q15019,,,,,
Q15075,,,,"397-758
937-1032
1093-1231","Gln/Glu/Lys
Gln/Glu/Lys
Glu/Lys"
Q15149,,,,,
Q15173,,,,,
Q15233,"30-35
36-42
348-351","Gln
Pro
Arg","6
7
4",,
Q15329,"33-39
233-236","Pro
Ser","7
4",,
Q15388,,,,,
Q15459,"10-16
118-122
260-267
369-372
557-560
672-675","Pro
Gln
Glu
Pro
Pro
Pro","7
5
8
4
4
4",,
Q15483,,,,,
Q15515,,,,,
Q15596,1254-1260,Gln,7,,
Q15643,,,,,
Q15652,,,,,
Q15714,,,,"59-82
195-241
497-817","Pro
His
Gln"
Q15788,,,,"389-682
1053-1138","Ser
Gln"
Q15811,,,,,
Q15911,"104-107
460-489
770-784
1723-1743
1789-1794
1852-1857
2037-2052
3197-3209
3210-3214
3227-3231
3376-3389
3392-3395
3507-3527
3597-3600
3636-3639","Pro
Glu
Ala
Gln
Gln
Gln
Pro
Gln
Pro
Gln
Gln
Gln
Gly
Pro
Ser","4
30
15
21
6
6
16
13
5
5
14
4
21
4
4",,
Q15942,,,,"64-77
94-108
115-121
127-137","Pro
Pro
Pro
Pro"
Q16206,,,,58-125,Pro
Q16247,,,,,
Q1EHW1,,,,,
Q1RMZ1,,,,,
Q1RMZ3,,,,,
Q28617,,,,,
Q2KHN1,,,,,
Q2KHR2,538-541,Ser,4,,
Q2KHR3,,,,"120-527
641-789","Ser
Gln"
Q2L6G6,,,,,
Q2LAE2,,,,,
Q2LC36,,,,,
Q2M1Z3,971-974,Ser,4,673-790,Pro
Q2M2I8,658-663,Ala,6,"12-42
397-614","Gly
Gln"
Q2M2R5,,,,,
Q2M3X1,,,,,
Q2NKK5,,,,,
Q2NLC9,,,,,
Q2NLD4,,,,,
Q2QGD7,,,,,
Q2TAB4,,,,,
Q2TAL8,,,,85-462,Gln
Q2TB68,,,,,
Q2VIL8,,,,,
Q2VIQ3,,,,,
Q2VY69,,,,,
Q32LX7,,,,,
Q32M51,,,,,
Q32MY8,,,,,
Q32NB8,,,,,
Q32ND0,,,,,
Q3B7B6,,,,,
Q3KNS6,17-20,Glu,4,,
Q3L8U1,"2639-2650
2785-2788
2878-2888","Ala
Ala
Ser","12
4
11","220-312
562-666
2128-2198","Ser
Lys
Ser"
Q3MHD2,,,,,
Q3MI86,,,,,
Q3MIM1,,,,,
Q3SY65,,,,,
Q3T8J9,"245-248
448-454","Lys
Pro","4
7","517-576
1449-1569","Asp
Glu"
Q3V6T2,,,,,
Q3ZCR7,,,,,
Q3ZLR7,,,,624-812,Gln
Q461N2,,,,,
Q495U0,,,,,
Q496Y1,,,,,
Q499Z3,,,,,
Q4JCQ2,,,,,
Q4JNY4,,,,,
Q4LE49,,,,,
Q4LE64,,,,,
Q4LE66,,,,,
Q4U2R8,,,,,
Q4V328,,,,,
Q4VBA3,,,,,
Q4VBR4,,,,,
Q4VCS5,,,,,
Q4W4X9,,,,,
Q52LR7,483-488,Ser,6,582-619,Gln
Q52LW3,,,,,
Q53FL4,,,,,
Q53GT0,,,,,
Q53SM2,,,,,
Q53SN6,,,,,
Q53T59,196-199,Glu,4,"212-237
324-352","Pro
Pro"
Q562E7,1587-1596,Gly,10,1150-1217,Glu
Q569F6,,,,,
Q58EX7,,,,,
Q58EY0,,,,,
Q59EA0,,,,,
Q59EC8,,,,,
Q59EE8,,,,,
Q59EF7,,,,,
Q59EK1,,,,,
Q59ER4,,,,,
Q59EY3,,,,,
Q59F94,,,,,
Q59FB2,,,,,
Q59FD2,,,,,
Q59FE0,,,,,
Q59FG4,,,,,
Q59FG6,,,,,
Q59FL0,,,,,
Q59FP5,,,,,
Q59FV5,,,,,
Q59FW4,,,,,
Q59FX5,,,,,
Q59G00,,,,,
Q59G16,,,,,
Q59G18,,,,,
Q59G30,,,,,
Q59G45,,,,,
Q59G47,,,,,
Q59G73,,,,,
Q59GC2,,,,,
Q59GF0,,,,,
Q59GG3,,,,,
Q59GH4,,,,,
Q59GI3,,,,,
Q59GJ0,,,,,
Q59GP6,,,,,
Q59GY7,,,,,
Q59HB8,,,,,
Q59HE6,,,,,
Q59HG1,,,,,
Q5BQ95,,,,,
Q5CZA0,,,,,
Q5D862,,,,132-1289,Ser
Q5H924,,,,,
Q5H9Q2,,,,,
Q5H9U9,,,,,
Q5HYK3,,,,,
Q5I0X4,,,,,
Q5IRN2,,,,,
Q5JB39,,,,,
Q5JSY7,,,,,
Q5JSY8,,,,,
Q5JSZ5,"391-395
1953-1956","Glu
Ala","5
4",616-647,Gln
Q5JT00,,,,,
Q5JTV8,,,,,
Q5JV73,"683-691
779-784
1584-1587
1778-1784","Glu
Pro
Ser
Ala","9
6
4
7",1750-1776,Gln
Q5JV90,,,,,
Q5KTC1,,,,,
Q5LJB1,,,,,
Q5STZ8,,,,,
Q5SZD4,,,,,
Q5SZQ8,,,,352-373,Gln
Q5T1J5,,,,,
Q5T1N1,,,,,
Q5T1Z4,,,,,
Q5T1Z8,,,,,
Q5T2K3,,,,,
Q5T2N8,,,,,
Q5T3G2,,,,,
Q5T3U5,,,,,
Q5T5P0,,,,,
Q5T5P1,,,,,
Q5T5P2,,,,"295-364
1794-1905","Pro
Ser"
Q5T655,,,,,
Q5T6F2,,,,,
Q5T7B8,,,,,
Q5T953,,,,"59-130
138-230","Gln
Ala"
Q5T9S2,,,,,
Q5T9S5,,,,,
Q5TB80,,,,,
Q5TBK1,,,,,
Q5TCH4,"24-31
131-134","Leu
Leu","8
4",,
Q5TF21,"72-81
269-276","Gln
Ala","10
8",82-247,Gly
Q5TZA2,,,,1921-1999,Gln
Q5U0C8,,,,,
Q5U3C1,,,,,
Q5UBV6,,,,,
Q5VU43,,,,,
Q5VV63,,,,,
Q5VVH5,,,,,
Q5VX71,,,,,
Q5VXT5,,,,,
Q5VYV0,"135-151
155-161
162-174
220-234
252-261
324-333
400-403","His
His
Pro
Ala
Ala
Ala
Ala","17
7
13
15
10
10
4",,
Q5VZK9,1243-1250,Ser,8,,
Q5VZZ6,,,,,
Q5W9G6,,,,,
Q5XG91,,,,,
Q5XKR4,"187-194
210-213","Ala
Ala","8
4",,
Q5XUX0,58-63,Pro,6,,
Q63HN8,,,,,
Q63ZY3,425-428,Ser,4,,
Q64FX5,,,,,
Q658K0,,,,,
Q658Z6,,,,,
Q65ZG9,,,,,
Q66K39,,,,,
Q674R7,,,,22-147,Pro
Q68CP0,,,,,
Q68CP9,,,,793-1128,Gln
Q68DE3,,,,"850-899
1415-1609","Ser
Gln"
Q68DX8,,,,,
Q68G74,,,,,
Q6AHX7,,,,,
Q6AI39,,,,,
Q6AZY7,,,,,
Q6DCA5,,,,,
Q6DK57,,,,,
Q6DT37,,,,,
Q6EMB2,"552-557
582-590
776-780
827-830","Arg
Glu
Glu
Asn","6
9
5
4",,
Q6FHA6,,,,,
Q6GMQ3,,,,,
Q6IB77,,,,,
Q6IPR3,,,,,
Q6IQ23,,,,"567-599
845-942","Pro
Pro"
Q6ISE0,,,,,
Q6JLA7,,,,,
Q6JVE5,,,,,
Q6JXY2,,,,,
Q6KC79,,,,418-462,Gln
Q6MZF4,,,,,
Q6MZF6,,,,,
Q6MZL5,,,,,
Q6MZT4,,,,,
Q6N021,,,,"398-419
591-969
1523-1553","Pro
Gln
Gln"
Q6N039,,,,,
Q6N083,,,,,
Q6NUS6,,,,90-109,Cys
Q6NVJ2,,,,,
Q6NWY9,,,,3-72,Pro
Q6NXT7,,,,,
Q6NYC8,96-103,Gln,8,,
Q6P1K2,,,,,
Q6P1L5,137-145,Pro,9,15-99,Gly
Q6P1N0,,,,192-345,Pro
Q6P2E9,,,,602-676,Ser
Q6P4E1,,,,,
Q6P4R8,665-672,Ala,8,"309-327
684-803
716-739
1245-1271","Lys
Ser
Pro
Gln"
Q6P531,21-30,Glu,10,,
Q6P995,,,,43-58,Gln
Q6P9G8,,,,,
Q6P9H5,,,,,
Q6PG37,,,,,
Q6PHZ4,,,,,
Q6PIN0,,,,,
Q6PJ69,,,,,
Q6PJG2,"111-115
455-459
1021-1024","Gly
Arg
Lys","5
5
4","210-291
234-395","Gln
Pro"
Q6PKB3,,,,,
Q6PKB8,,,,,
Q6Q0C1,,,,,
Q6QNB7,,,,,
Q6QR78,,,,,
Q6STE5,,,,,
Q6TV06,,,,,
Q6UKI1,,,,,
Q6UUV9,,,,299-366,Ser
Q6UVJ0,,,,,
Q6UW60,,,,,
Q6UWE0,,,,,
Q6UWR4,,,,,
Q6UY14,,,,602-664,Pro
Q6VY07,"35-40
62-65
112-115
279-283","Gln
Ala
Ser
Glu","6
4
4
5","5-44
55-84","Gly
Ser"
Q6WG67,,,,,
Q6WRI0,,,,,
Q6Y7W6,106-111,Gly,6,"118-272
436-473
607-1025
738-888
1198-1252","Arg
Pro
Gln
Glu
Gln"
Q6YL39,,,,,
Q6ZMJ2,,,,,
Q6ZMU5,,,,,
Q6ZMW8,,,,,
Q6ZN29,,,,,
Q6ZN66,38-41,Val,4,,
Q6ZNE9,,,,,
Q6ZP82,,,,,
Q6ZP85,,,,,
Q6ZQN7,,,,,
Q6ZQW2,,,,,
Q6ZR19,,,,,
Q6ZRK0,,,,,
Q6ZRN2,,,,,
Q6ZRU6,,,,,
Q6ZS45,,,,,
Q6ZSB9,,,,,
Q6ZTU2,,,,,
Q6ZVK8,,,,,
Q6ZVT4,,,,,
Q6ZW49,,,,"223-250
406-624","Glu
Gln"
Q6ZW64,,,,,
Q70CQ2,,,,,
Q70EL1,"559-570
866-869","Ser
Gln","12
4",,
Q70YC5,,,,,
Q71RB1,,,,,
Q71RC7,,,,,
Q75L23,,,,,
Q75MN6,,,,,
Q75MY6,,,,,
Q76L83,"303-307
1173-1176","Leu
Ser","5
4","95-235
654-684
687-739","Ser
Ala
Gly"
Q7RTM4,,,,,
Q7RTP6,688-691,Glu,4,"889-1138
1141-1505","Glu
Pro"
Q7Z2V4,,,,,
Q7Z2Y5,,,,"402-570
917-979","Gln
Asp"
Q7Z2Y8,,,,,
Q7Z328,,,,,
Q7Z3A2,,,,,
Q7Z3E2,,,,710-747,Ser
Q7Z3Z5,,,,,
Q7Z403,,,,,
Q7Z406,,,,,
Q7Z426,,,,,
Q7Z427,,,,,
Q7Z442,,,,,
Q7Z494,,,,,
Q7Z589,"209-213
719-723","Ser
Ser","5
5","326-391
395-464
496-636
945-1099","Ser
Gln
Thr
Gln"
Q7Z5E6,,,,,
Q7Z5J4,"124-135
278-291
1243-1249
1493-1496
1746-1751","Pro
Gln
Ser
Gly
Ala","12
14
7
4
6","156-336
1628-1641","Gln
Ser"
Q7Z5M5,,,,,
Q7Z659,,,,,
Q7Z6J9,,,,,
Q7Z6Z7,,,,"2295-2469
2427-2490
3483-3550","Glu
Asp
Thr"
Q7Z739,,,,,
Q7Z757,,,,,
Q7Z7E8,,,,8-38,Gly
Q7Z7H5,,,,,
Q86SQ7,,,,534-692,Gln
Q86T23,,,,,
Q86TP0,,,,,
Q86TS9,,,,,
Q86UD0,,,,102-174,Pro
Q86UP2,,,,,
Q86UP3,523-526,Ser,4,"1644-1793
1949-2048
2345-2429
3050-3124
3454-3533","Gln
Pro
Pro
Pro
Ser"
Q86UR1,,,,,
Q86UW9,,,,,
Q86V37,,,,,
Q86V38,,,,,
Q86VG4,,,,,
Q86VQ1,"5-13
38-50
86-90
113-118
525-528","Ser
Gly
Ala
Ala
Gln","9
13
5
6
4",,
Q86VS8,,,,,
Q86WB4,,,,,
Q86WB6,,,,,
Q86WF4,,,,,
Q86WG5,,,,,
Q86WN1,,,,610-688,Pro
Q86WW5,,,,,
Q86XK2,,,,,
Q86YA8,,,,,
Q86YG2,,,,,
Q86YT6,,,,,
Q86YV2,,,,,
Q86YW9,,,,1877-2134,Gln
Q8IUG5,"799-804
1217-1222
2506-2514","Ala
Pro
Ser","6
6
9","71-114
1643-1769","Ser
Gln"
Q8IV76,"229-236
665-668","Ala
Ser","8
4",508-548,Lys
Q8IVH2,,,,65-219,Gln
Q8IVL0,"618-621
1694-1699","Gln
Lys","4
6","1032-1560
1867-1885","Ser
Ser"
Q8IVL1,"324-328
633-638
1824-1829","Pro
Ser
Lys","5
6
6","192-255
1363-1683","Gln
Ser"
Q8IVW6,341-353,Ala,13,"5-49
523-560","Gln
Ser"
Q8IW47,,,,,
Q8IWI5,,,,,
Q8IWI9,1255-1263,Ser,9,"967-981
1594-1714","Gln
Thr"
Q8IWJ2,,,,,
Q8IWX8,,,,"279-346
355-682
718-816","Gln
Pro
Arg"
Q8IWY9,,,,,
Q8IX12,73-79,Ala,7,"293-361
673-889","Arg
Glu"
Q8IX95,,,,,
Q8IXK0,,,,"11-37
55-111
329-377","Ser
Gln
Gln"
Q8IY63,,,,,
Q8IY81,,,,,
Q8IY82,,,,,
Q8IYU4,310-315,Pro,6,,
Q8IYW4,,,,,
Q8IZ83,,,,,
Q8IZD4,252-261,Gln,10,,
Q8IZL2,,,,,
Q8N0S2,,,,259-297,Gln
Q8N139,,,,,
Q8N1N0,,,,,
Q8N1N4,,,,"7-82
430-507","Gly
Ser"
Q8N1W1,,,,,
Q8N283,527-533,Ala,7,,
Q8N2H3,,,,,
Q8N2Y6,,,,,
Q8N3F8,,,,253-667,Pro
Q8N3X1,630-635,Glu,6,"701-731
905-925","Pro
Pro"
Q8N401,,,,,
Q8N4C6,,,,,
Q8N4C8,,,,"359-495
542-729","Gln
Pro"
Q8N4H2,,,,,
Q8N4Q4,,,,,
Q8N512,,,,,
Q8N5G2,,,,,
Q8N6B5,,,,,
Q8N6B6,,,,,
Q8N6F2,,,,,
Q8N6G5,,,,,
Q8N7U6,,,,,
Q8N879,,,,,
Q8N8S7,,,,310-373,Pro
Q8N9N5,,,,361-426,Gln
Q8N9Q8,,,,,
Q8N9T2,,,,,
Q8NA42,,,,,
Q8NA53,,,,,
Q8NA82,575-581,Ser,7,,
Q8NAC3,,,,,
Q8NB25,,,,,
Q8NBP0,,,,,
Q8NBR6,,,,508-585,Gln
Q8NBZ3,,,,,
Q8NC01,,,,,
Q8NC60,,,,,
Q8NCA5,"109-112
315-318","Leu
Pro","4
4",335-514,Gly
Q8NCC3,,,,,
Q8ND07,,,,,
Q8ND24,,,,432-551,Pro
Q8NDV7,,,,"93-127
192-365","Gln
Ser"
Q8NDX5,19-26,Thr,8,"89-287
324-539
346-670","Ser
Gln
Pro"
Q8NE35,,,,"13-27
26-200
170-238","Gln
Pro
Ala"
Q8NE71,,,,141-243,Glu
Q8NEG8,,,,,
Q8NEM7,,,,636-754,Gln
Q8NEW0,,,,,
Q8NEY8,,,,140-215,Ser
Q8NEZ4,,,,"1719-1796
1834-2281
2412-2630
2690-2786
3012-3509
3277-3381","Gln
Pro
Pro
Asp
Gln
Pro"
Q8NF45,,,,,
Q8NF91,,,,8663-8729,Ser
Q8NFD5,"114-131
932-935
1034-1037
1441-1444
1833-1836","Gln
Ala
Ser
Ser
Pro","18
4
4
4
4","2-47
35-57
81-104
107-131
141-401
329-493
574-633
684-771
1459-1597","Ala
Ser
His
Gln
Gly
Ala
Gln
Ser
Pro"
Q8NFT3,,,,,
Q8NG08,,,,,
Q8NI99,,,,,
Q8TAB5,,,,,
Q8TAF7,,,,,
Q8TAL5,,,,293-304,Gln
Q8TAQ2,"186-189
861-870
956-960","Glu
Ala
Gln","4
10
5","747-855
961-1213","Glu
Pro"
Q8TB72,,,,"278-488
359-405
520-687","Ala
Gln
Ser"
Q8TBA1,,,,,
Q8TBA6,,,,,
Q8TBF8,,,,,
Q8TBY8,,,,,
Q8TC92,,,,89-139,Pro
Q8TCK0,,,,,
Q8TCN9,,,,,
Q8TCS8,,,,,
Q8TD31,,,,,
Q8TD55,,,,178-386,Pro
Q8TDD1,,,,,
Q8TDW4,,,,,
Q8TE12,257-265,Gln,9,240-274,Gln
Q8TE73,,,,,
Q8TE77,,,,,
Q8TEC5,,,,,
Q8TES8,,,,,
Q8TF01,,,,"4-56
100-222
508-577
722-804","Gln
Pro
Ser
Ser"
Q8TF21,308-311,Pro,4,,
Q8TF46,,,,,
Q8TF68,,,,"461-521
466-499","Gln
Ala"
Q8WU03,,,,,
Q8WU79,,,,279-411,Met
Q8WUF5,,,,"54-602
407-444","Pro
Gln"
Q8WV24,187-204,Gln,18,,
Q8WV48,,,,,
Q8WWB3,,,,,
Q8WWI1,,,,,
Q8WWL2,,,,572-599,Cys
Q8WWM7,,,,4-84,Pro
Q8WWU2,,,,,
Q8WWU3,,,,,
Q8WWZ4,,,,,
Q8WYA0,,,,,
Q8WYJ6,,,,,
Q8WYR3,,,,,
Q8WZ79,,,,,
Q92508,,,,6-91,Leu
Q92540,,,,"648-843
922-1015","Gln/Pro
Ser"
Q92552,,,,,
Q92562,"746-749
755-758","Pro
Ser","4
4",,
Q92585,642-645,Gln,4,,
Q92608,,,,,
Q92734,,,,,
Q92753,,,,,
Q92786,215-219,Gln,5,,
Q92793,"1061-1064
1555-1562
1943-1948
1967-1970
2081-2085
2199-2216
2245-2248
2297-2300","Glu
Glu
Pro
Gln
Gln
Gln
Gln
Gln","4
8
6
4
5
18
4
4",1199-1487,Cys/His
Q92794,"371-379
788-801
989-995
1019-1026
1069-1078
1147-1150
1411-1414
1593-1597","Ser
Glu
Glu
Arg
Glu
Lys
Glu
Ser","9
14
7
8
10
4
4
5","1221-1242
1267-1302
1643-1704
1897-1977","Glu
Glu
Gln/Pro
Met"
Q92817,,,,,
Q92878,,,,1201-1238,Ala/Asp-rich (DA
Q92879,,,,287-308,Ser
Q92896,"54-57
71-86","Gly
Gln","4
16",,
Q92922,"329-336
867-878","Pro
Ala","8
12","769-863
977-1105","Glu
Pro"
Q93074,,,,"1732-1777
1900-2168","Pro
Gln"
Q969I3,,,,,
Q969J2,,,,,
Q969S2,,,,,
Q969T7,,,,,
Q96A04,,,,,
Q96AC6,,,,"181-332
720-831","Gln
Pro"
Q96AF9,,,,,
Q96BA4,,,,,
Q96BD5,,,,4-108,Gln
Q96BH1,,,,,
Q96BY6,,,,,
Q96CN5,,,,,
Q96CN9,,,,,
Q96DX1,,,,,
Q96E41,,,,,
Q96EA4,,,,,
Q96ED9,,,,,
Q96EK4,95-100,Ala,6,"104-146
197-221","Gln
Ala"
Q96EQ0,,,,267-279,Gln
Q96EV2,,,,"113-263
306-659
605-641","Glu
Pro
His"
Q96F46,810-818,Glu,9,,
Q96FF1,,,,,
Q96FT7,,,,,
Q96GM5,124-127,Lys,4,,
Q96HA7,,,,448-509,Glu
Q96HN0,,,,,
Q96HN5,,,,,
Q96I24,,,,,
Q96J02,,,,252-267,Arg/Pro-rich (PRR do
Q96J88,,,,,
Q96JA4,,,,426-665,Gln
Q96JB1,,,,,
Q96JC1,,,,,
Q96JK9,,,,"467-968
548-595","Gln
Asn"
Q96JM2,,,,,
Q96JP2,,,,"722-763
820-865
871-910
999-1019
1024-1204","Pro
Met/Pro
Gln
Glu
Pro"
Q96KB7,,,,,
Q96KC0,,,,,
Q96KN7,,,,,
Q96KR1,,,,36-302,Ala
Q96L91,"278-281
316-319
426-437
1517-1522
2543-2554
2557-2564
2756-2784
2828-2834","Gln
Pro
Glu
Ala
Pro
Pro
Gln
Pro","4
4
12
6
12
8
29
7",,
Q96LK5,,,,,
Q96M83,,,,,
Q96M86,886-896,Pro,11,2695-2732,Glu
Q96M93,,,,,
Q96MM2,,,,,
Q96MM7,,,,,
Q96MP5,,,,,
Q96MY7,,,,,
Q96NH3,,,,,
Q96NU0,,,,,
Q96PC5,,,,1297-1408,Pro
Q96PI1,,,,4-78,Gln
Q96PN7,,,,"202-417
553-749
956-982","Gln
Pro
Glu"
Q96PP8,,,,,
Q96PV6,,,,"71-168
412-446","Gln
Ser"
Q96Q89,1247-1251,Glu,5,,
Q96QZ7,"402-421
662-665
978-988
1341-1344
1398-1401","Gln
Gly
Gly
Ala
Arg","20
4
11
4
4",,
Q96R06,,,,617-789,Gln
Q96RN5,"161-174
178-193
205-218
226-239
243-262
360-367
449-456
602-611","Gln
Gln
Gln
Gln
Gln
Gln
Pro
Pro","14
16
14
14
20
8
8
10",266-515,Pro
Q96RT6,,,,658-743,Pro
Q96RW7,,,,,
Q96RZ2,,,,,
Q96S82,,,,,
Q96SN8,,,,,
Q96T58,,,,"125-277
240-325
616-810
624-697
2428-2520
3220-3482","Arg
Ser
Arg
Tyr
Pro
Pro"
Q96T67,,,,,
Q96TA1,,,,,
Q99217,,,,,
Q99218,,,,86-170,Gln
Q99414,,,,,
Q99415,,,,,
Q99504,,,,,
Q99623,,,,,
Q99626,"46-53
85-92
250-256
257-270","Ala
Ala
Gln
Pro","8
8
7
14",,
Q99700,"55-64
166-187
213-223","Pro
Gln
Ser","10
22
11","47-158
551-734
929-1085","Pro
Pro
Pro"
Q99743,,,,,
Q99941,96-105,Ser,10,,
Q99996,3722-3726,Leu,5,"191-280
309-998
1834-2760","Gln
Glu
Glu"
Q9BQF6,,,,,
Q9BQG0,,,,720-784,Glu
Q9BQS8,,,,,
Q9BRH9,,,,,
Q9BRK4,,,,188-306,Ser
Q9BRY6,,,,,
Q9BSE4,,,,93-138,Ser
Q9BST4,,,,,
Q9BTG3,,,,,
Q9BU40,,,,,
Q9BUJ2,,,,"613-666
670-689
692-811
757-845
806-832","Gly
Asn
Pro
Tyr
Gln"
Q9BUS0,,,,,
Q9BV44,140-148,Lys,9,,
Q9BV73,246-250,Leu,5,464-2171,Gln/Glu
Q9BVH7,38-49,Gln,12,,
Q9BVK6,,,,,
Q9BW04,,,,387-421,Ala
Q9BW11,,,,,
Q9BW19,,,,,
Q9BWT7,567-574,Ser,8,,
Q9BWU1,,,,"372-404
461-491","Gln
Ser"
Q9BXA9,"198-201
213-216
897-902","Ala
Gln
Ser","4
4
6",,
Q9BXI6,,,,,
Q9BXM9,,,,,
Q9BY66,,,,,
Q9BYJ3,,,,,
Q9BYJ9,,,,241-331,Gln/Pro
Q9BYM8,,,,,
Q9BYX2,11-14,Ser,4,,
Q9BZE9,,,,,
Q9BZG5,,,,,
Q9BZG6,,,,,
Q9BZG7,,,,,
Q9BZY9,,,,,
Q9C099,,,,,
Q9C0D2,,,,,
Q9C0D5,,,,"170-243
1659-1689","Ser
Ser"
Q9C0F0,,,,"609-787
1051-1080
1199-1357
2017-2058","Ser
Ala
Ser
Pro"
Q9GZR6,,,,,
Q9H032,,,,,
Q9H0A0,,,,,
Q9H0J9,58-61,Ala,4,,
Q9H0M0,,,,,
Q9H161,104-115,Gln,12,,
Q9H1B7,"88-102
103-127
153-164","Ala
Gln
Ala","15
25
12","174-296
596-623","Gly/Pro
Pro"
Q9H270,,,,,
Q9H2D6,,,,,
Q9H2F5,,,,,
Q9H2M9,,,,,
Q9H2X3,,,,,
Q9H307,,,,"172-471
469-520
552-704
632-717","Glu
Gln
Ser
Arg"
Q9H329,,,,504-517,His
Q9H334,,,,55-230,Gln
Q9H3M9,291-300,Gln,10,,
Q9H3P7,,,,"21-60
182-240
196-238
241-308","Pro
Glu
Arg
Gln"
Q9H4A3,,,,,
Q9H5E0,,,,,
Q9H5V1,,,,,
Q9H6I2,,,,312-351,Gln/Pro
Q9H6M4,,,,,
Q9H714,,,,86-131,Ser
Q9H7C4,,,,,
Q9H7E2,,,,,
Q9H7F3,,,,,
Q9H869,,,,,
Q9H891,,,,,
Q9H8W5,,,,,
Q9H8Y5,,,,,
Q9H9Q4,,,,,
Q9HBI6,,,,,
Q9HBL0,,,,"651-667
1069-1160","Gln
Ser"
Q9HCE0,,,,,
Q9HCJ0,549-552,Ala,4,"204-430
756-777
1215-1248","Gly
Thr
Pro"
Q9HCK8,,,,"292-410
2069-2098
2493-2508
2539-2581","Gln
Ser
His
Asp"
Q9HCS4,,,,"5-29
117-326","Gly
Pro"
Q9HCU0,,,,400-668,Pro
Q9HDB9,,,,"168-247
614-667","Pro
Gln"
Q9NNW8,,,,,
Q9NNZ3,,,,,
Q9NP74,450-459,Glu,10,,
Q9NPE6,,,,,
Q9NPX3,,,,,
Q9NPZ5,,,,,
Q9NQ48,,,,,
Q9NQ55,,,,,
Q9NQV6,1131-1134,Thr,4,"866-916
918-1031","Thr
Gln"
Q9NR09,"30-36
1660-1668","Ala
Ala","7
9",,
Q9NR55,,,,,
Q9NRC6,,,,,
Q9NRE1,,,,,
Q9NRR5,,,,,
Q9NRR6,92-97,Arg,6,,
Q9NS42,,,,,
Q9NS69,110-118,Gln,9,,
Q9NS89,,,,,
Q9NSC2,"150-159
160-163
237-240
294-297
371-375
1144-1147","Ser
Gly
Gln
Ala
Ser
Ser","10
4
4
4
5
4",,
Q9NSY1,,,,"12-40
425-559","Gly
Gln/His"
Q9NTG1,,,,,
Q9NUQ3,,,,,
Q9NUQ8,,,,,
Q9NVA2,,,,,
Q9NVF7,,,,,
Q9NVH2,,,,937-955,Gln
Q9NVI7,,,,,
Q9NVR7,,,,,
Q9NW13,,,,224-258,Asp/Glu-rich (ac
Q9NW32,,,,,
Q9NWI7,,,,,
Q9NX28,,,,,
Q9NXG0,1398-1405,Ser,8,,
Q9NXG9,,,,,
Q9NXJ0,,,,,
Q9NYB7,,,,,
Q9NYJ8,,,,,
Q9NZ56,,,,"200-227
758-1268","Gln
Pro"
Q9NZI8,,,,,
Q9NZM3,,,,,
Q9NZM4,"88-96
935-940
1265-1276
1333-1337
1345-1355","Gly
Pro
Ser
Pro
Pro","9
6
12
5
11",,
Q9P0J7,"333-336
376-380","Ser
Pro","4
5",,
Q9P0K7,,,,,
Q9P0K8,"266-270
291-294
295-298
299-306
313-321
390-395","Ser
Gln
Pro
Gln
Gln
Pro","5
4
4
8
9
6",,
Q9P0U4,,,,"256-317
321-359","Asp/Glu-rich (ac
Arg/Lys-rich (b"
Q9P1Z2,367-372,Ala,6,,
Q9P267,"599-605
980-984","Ser
Gln","7
5",332-414,Pro
Q9P2B4,,,,,
Q9P2D1,"1939-1945
2398-2405
2726-2736","Arg
Arg
Ala","7
8
11","151-222
383-568
597-718
2165-2258","Gln
Pro
Lys
Glu"
Q9P2F9,,,,8-76,Pro
Q9P2G3,,,,,
Q9P2G4,,,,701-870,Ser
Q9P2J2,,,,823-982,Pro
Q9P2M7,,,,363-836,Glu
Q9UBL0,,,,"338-423
506-754","Ser
Gln"
Q9UBL6,,,,,
Q9UBT6,,,,,
Q9UDV7,,,,,
Q9UDY2,1162-1165,Glu,4,,
Q9UE63,,,,,
Q9UEY8,,,,,
Q9UF61,,,,,
Q9UF64,,,,,
Q9UFE3,,,,,
Q9UFG1,,,,,
Q9UGI6,"688-692
732-735","Gln
Ser","5
4","30-99
42-64","Gln
Pro"
Q9UGP4,,,,,
Q9UGP8,,,,734-760,Asp/Glu-rich (highly ac
Q9UGU0,"62-70
174-182
310-322
1556-1564","Ala
Gln
Gln
Pro","9
9
13
9",203-262,Ser
Q9UGU5,,,,,
Q9UHD9,,,,,
Q9UIF9,1759-1762,Arg,4,"660-799
1212-1277
1290-1411","Lys
Glu
Pro"
Q9UJ42,,,,,
Q9UJA5,,,,,
Q9UJF2,"237-243
922-925","Lys
Ser","7
4",,
Q9UJJ9,,,,,
Q9UJQ4,,,,,
Q9UKI9,,,,354-425,Ser
Q9UKJ3,"745-749
772-775
1384-1390
1472-1478","Arg
Gly
Ala
Ala","5
4
7
7","665-720
804-1009","Lys
Ser"
Q9UKV0,,,,,
Q9UL14,,,,,
Q9UL54,330-336,Glu,7,"347-370
378-406
791-907
943-1060","Ser
Glu
Glu
Leu"
Q9ULE4,,,,,
Q9ULL8,1100-1107,Pro,8,"871-937
1119-1135
1136-1181","Cys
Gln
Glu"
Q9ULU4,"43-47
838-854
1089-1092","Lys
Gln
Ser","5
17
4",,
Q9ULV3,,,,"4-44
276-470
741-761","Gln
Gln
Glu"
Q9UMN6,"26-37
248-255
808-812
1963-1970
2251-2259","Gly
Pro
Gln
Pro
Pro","12
8
5
8
9","362-398
402-771","Asp/Glu-rich (ac
Pro"
Q9UMX0,,,,,
Q9UN21,,,,,
Q9UN79,,,,"184-221
225-340","Gln
Pro"
Q9UNN4,,,,,
Q9UP82,,,,,
Q9UPA5,"2600-2606
2627-2632
3775-3783","Arg
Arg
Gln","7
6
9",,
Q9UPM6,,,,,
Q9UPN3,"698-703
1122-1127
1414-1417
1986-1989","Glu
Ser
Glu
Leu","6
6
4
4",7222-7351,Ser
Q9UPN6,,,,"193-371
397-459
635-1064
1120-1182","Gln
Arg
Pro
Arg"
Q9UPQ9,,,,"825-880
1150-1220","Pro
Gln"
Q9UQB3,"216-226
811-817","Pro
Lys","11
7",,
Q9UQF2,"79-84
331-334
359-363","Gly
Glu
Pro","6
4
5","42-48
107-116","Asp/Glu-rich (ac
Asp/Glu-rich (ac"
Q9UQL6,"47-52
85-92
596-599
1099-1104","Gly
Gln
Glu
Ala","6
8
4
6",,
Q9Y222,,,,,
Q9Y228,,,,,
Q9Y247,,,,,
Q9Y250,,,,,
Q9Y264,,,,,
Q9Y2D5,,,,,
Q9Y2G8,"102-107
718-721","Gln
Glu","6
4",,
Q9Y2J4,,,,,
Q9Y2K2,,,,"2-54
650-1016","Ala
Gln"
Q9Y2K5,908-912,Gly,5,"288-369
404-694","Ser
Gln"
Q9Y2W1,,,,"7-339
12-161","Ser
Arg"
Q9Y2X9,"90-96
141-148","Pro
His","7
8",4-37,Gly
Q9Y3S1,,,,,
Q9Y467,"135-139
158-170
256-265
764-775
816-821
838-843","Gly
Pro
Ser
Glu
Ala
Pro","5
13
10
12
6
6",,
Q9Y485,2459-2468,Asp,10,,
Q9Y4I7,,,,,
Q9Y4P3,,,,,
Q9Y520,407-410,Pro,4,"467-650
666-703
697-769
1059-1082
1341-1443
1760-1934
2345-2634","Glu
Gln
Pro
Pro
Arg
Ala
Gln"
Q9Y5C1,,,,,
Q9Y5Q3,"131-143
158-167","His
His","13
10",,
Q9Y618,"494-510
682-685
995-1003
1392-1397
1850-1854
2487-2490","Gln
Lys
Pro
Pro
Gly
Pro","17
4
9
6
5
4",778-820,Pro
Q9Y6D9,,,,,
Q9Y6H1,,,,,
Q9Y6N6,,,,,
Q9Y6Q9,"976-980
1248-1278","Gln
Gln","5
31","505-671
1392-1417","Ser
Met"
Q9Y6R0,427-446,Gln,20,,
Q9Y6V0,2405-2430,Pro,26,"193-553
209-1029
2372-2533
3210-3317
3861-3965
4284-4347
4837-4903","Gln
Pro
Pro
Gln
Gln
Ser
Ser"
R4GMR4,,,,,
R4GMU1,,,,,
R4GND3,,,,,
R4GNG0,,,,,
S4R407,,,,,
T2CYZ2,,,,,
U3KQ54,,,,,
U3KQ57,,,,,
U3KQB1,,,,,
U3KQN1,,,,,
V9GY86,,,,,
V9GYB9,,,,,
V9GYP6,,,,,
W5U981,,,,,
X5D2H2,,,,,
X5DNC5,,,,,
X6R4W8,,,,,
X6RCC3,,,,,
