Protein ID,PTM Type,PTM Site,Enzyme
P42858,T3,Phosphorylation,
,K6,Acetylation,
,K6,Sumoylation,
,K9,Acetylation,
,K9,Sumoylation,
,S13,Phosphorylation,
,K15,Sumoylation,
,S16,Phosphorylation,
,K96,Acetylation,
,S114,Phosphorylation,
,S118,Phosphorylation,
,K176,Acetylation,
,K234,Acetylation,
,T269,Phosphorylation,
,S276,Phosphorylation,
,C278,S-Nitrosylation,
,S337,Phosphorylation,
,K343,Acetylation,
,T405,Phosphorylation,
,S411,Phosphorylation,
,S415,Phosphorylation,
,S417,Phosphorylation,
,S419,Phosphorylation, O00141 (SGK1) P31749 (AKT1)
,S429,Phosphorylation,
,S430,Phosphorylation,
,S432,Phosphorylation, Q00535 (CDK5)
,S436,Phosphorylation,
,K442,Acetylation,
,K442,Ubiquitination,
,S455,Phosphorylation,
,S457,Phosphorylation,
,S459,Phosphorylation,
,S462,Phosphorylation,
,S463,Phosphorylation,
,S464,Phosphorylation,
,S485,Phosphorylation,
,T486,Phosphorylation,
,S489,Phosphorylation,
,S534,Phosphorylation,
,S620,Phosphorylation,
,S640,Phosphorylation,
,S642,Phosphorylation,
,S643,Phosphorylation,
,T654,Phosphorylation,
,T796,Phosphorylation,
,S930,Phosphorylation,
,K941,Ubiquitination,
,S1104,Phosphorylation,
,S1111,Phosphorylation,
,T1120,Phosphorylation,
,T1173,Phosphorylation,
,S1177,Phosphorylation,
,S1179,Phosphorylation, Q00535 (CDK5)
,S1195,Phosphorylation,
,S1199,Phosphorylation, Q00535 (CDK5)
,S1210,Phosphorylation,
,T1215,Phosphorylation,
,S1229,Phosphorylation,
,K1262,Ubiquitination,
,T1282,Phosphorylation,
,T1322,Phosphorylation,
,S1348,Phosphorylation,
,S1349,Phosphorylation,
,Y1355,Phosphorylation,
,K1402,Ubiquitination,
,K1410,Ubiquitination,
,K1431,Ubiquitination,
,S1805,Phosphorylation,
,S1811,Phosphorylation,
,Y1813,Phosphorylation,
,T1814,Phosphorylation,
,S1862,Phosphorylation,
,S1864,Phosphorylation,
,T1866,Phosphorylation,
,S1870,Phosphorylation,
,S1874,Phosphorylation,
,S1880,Phosphorylation,
,S2074,Phosphorylation,
,S2233,Phosphorylation,
,T2335,Phosphorylation,
,K2337,Acetylation,
,S2340,Phosphorylation,
,S2382,Phosphorylation,
,K2417,Ubiquitination,
,S2548,Phosphorylation,
,S2651,Phosphorylation,
,T2654,Phosphorylation,
,S2655,Phosphorylation,
,S2708,Phosphorylation,
,T2712,Phosphorylation,
,S2764,Phosphorylation,
,S2892,Phosphorylation,
,S2934,Phosphorylation,
,T2938,Phosphorylation,
,S2948,Phosphorylation,
,S2950,Phosphorylation,
P54253,K16,Sumoylation,
,R53,Methylation,
,S82,Phosphorylation,
,S88,Phosphorylation,
,S91,Phosphorylation,
,K194,Sumoylation,
,T235,Phosphorylation,
,S238,Phosphorylation,
,Y247,Phosphorylation,
,S253,Phosphorylation,
,T257,Phosphorylation,
,S312,Phosphorylation,
,S366,Phosphorylation,
,S406,Phosphorylation,
,S408,Phosphorylation,
,K609,Sumoylation,
,K696,Sumoylation,
,S711,Phosphorylation,
,S739,Phosphorylation,
,K745,Sumoylation,
,T769,Phosphorylation,
,S775,Phosphorylation, P31749 (AKT1) O75582 (RPS6KA5) P17612 (PRKACA)
,S811,Phosphorylation,
Q86XK2,S97,Phosphorylation,
,S118,Phosphorylation,
,K142,Acetylation,
,S143,Phosphorylation,
,K197,Ubiquitination,
,Y487,Phosphorylation,
,K828,Ubiquitination,
O15265,S69,Phosphorylation,
,T70,Phosphorylation,
,S86,Phosphorylation,
,S115,Phosphorylation,
,S216,Phosphorylation,
,S219,Phosphorylation,
,S224,Phosphorylation,
,K257,Acetylation,
,K257,Sumoylation,
,S302,Phosphorylation,
,S337,Phosphorylation,
,S491,Phosphorylation,
,S492,Phosphorylation,
,R531,Methylation,
,S649,Phosphorylation,
,S650,Phosphorylation,
,S651,Phosphorylation,
,S652,Phosphorylation,
,S660,Phosphorylation,
,S664,Phosphorylation,
,S665,Phosphorylation,
,S703,Phosphorylation,
,S711,Phosphorylation,
,S719,Phosphorylation,
,S720,Phosphorylation,
,S721,Phosphorylation,
,S722,Phosphorylation,
,S783,Phosphorylation,
,S787,Phosphorylation,
,S840,Phosphorylation,
,S844,Phosphorylation,
,S845,Phosphorylation,
,S849,Phosphorylation,
,T854,Phosphorylation,
Q9HBL0,S2,Phosphorylation,
,S4,Phosphorylation,
,T68,Phosphorylation,
,T84,Phosphorylation,
,S92,Phosphorylation,
,S170,Phosphorylation,
,Y210,Phosphorylation,
,Y217,Phosphorylation,
,S257,Phosphorylation,
,Y327,Phosphorylation,
,T329,Phosphorylation,
,S330,Phosphorylation,
,S338,Phosphorylation,
,Y339,Phosphorylation,
,S343,Phosphorylation,
,T357,Phosphorylation,
,S364,Phosphorylation,
,Y366,Phosphorylation,
,S374,Phosphorylation,
,S378,Phosphorylation,
,T379,Phosphorylation,
,S390,Phosphorylation,
,T399,Phosphorylation,
,S401,Phosphorylation,
,S403,Phosphorylation,
,S404,Phosphorylation,
,S406,Phosphorylation,
,S433,Phosphorylation,
,S445,Phosphorylation,
,Y458,Phosphorylation,
,T460,Phosphorylation,
,S465,Phosphorylation,
,S471,Phosphorylation,
,S475,Phosphorylation,
,T498,Phosphorylation,
,S512,Phosphorylation,
,T518,Phosphorylation,
,S538,Phosphorylation,
,S547,Phosphorylation,
,Y561,Phosphorylation,
,T575,Phosphorylation,
,Y582,Phosphorylation,
,S583,Phosphorylation,
,Y591,Phosphorylation,
,T605,Phosphorylation,
,T606,Phosphorylation,
,S607,Phosphorylation,
,Y609,Phosphorylation,
,S614,Phosphorylation,
,S619,Phosphorylation,
,S621,Phosphorylation,
,S623,Phosphorylation,
,S649,Phosphorylation,
,S681,Phosphorylation,
,T688,Phosphorylation,
,S692,Phosphorylation,
,S701,Phosphorylation,
,S708,Phosphorylation,
,T711,Phosphorylation,
,S731,Phosphorylation,
,S733,Phosphorylation,
,S742,Phosphorylation,
,S746,Phosphorylation,
,S756,Phosphorylation,
,S762,Phosphorylation,
,S764,Phosphorylation,
,Y766,Phosphorylation,
,S769,Phosphorylation,
,S772,Phosphorylation,
,T775,Phosphorylation,
,S783,Phosphorylation,
,S786,Phosphorylation,
,Y793,Phosphorylation,
,S794,Phosphorylation,
,Y796,Phosphorylation,
,Y798,Phosphorylation,
,S813,Phosphorylation,
,S838,Phosphorylation,
,T843,Phosphorylation,
,S849,Phosphorylation,
,T854,Phosphorylation,
,S855,Phosphorylation,
,S858,Phosphorylation,
,T860,Phosphorylation,
,S899,Phosphorylation,
,Y903,Phosphorylation,
,S907,Phosphorylation,
,T911,Phosphorylation,
,S912,Phosphorylation,
,S915,Phosphorylation,
,S920,Phosphorylation,
,S926,Phosphorylation,
,S948,Phosphorylation,
,T959,Phosphorylation,
,S960,Phosphorylation,
,S962,Phosphorylation,
,S963,Phosphorylation,
,S967,Phosphorylation,
,S971,Phosphorylation,
,S981,Phosphorylation,
,S1024,Phosphorylation,
,Y1025,Phosphorylation,
,S1046,Phosphorylation,
,S1048,Phosphorylation,
,Y1055,Phosphorylation,
,T1105,Phosphorylation,
,T1107,Phosphorylation,
,S1113,Phosphorylation,
,S1117,Phosphorylation,
,S1119,Phosphorylation,
,S1124,Phosphorylation,
,S1126,Phosphorylation,
,Y1131,Phosphorylation,
,S1133,Phosphorylation,
,S1135,Phosphorylation,
,T1139,Phosphorylation,
,S1142,Phosphorylation,
,S1143,Phosphorylation,
,Y1144,Phosphorylation,
,S1145,Phosphorylation,
,S1146,Phosphorylation,
,Y1149,Phosphorylation,
,S1150,Phosphorylation,
,S1155,Phosphorylation,
,S1156,Phosphorylation,
,S1157,Phosphorylation,
,S1160,Phosphorylation,
,S1167,Phosphorylation,
,T1173,Phosphorylation,
,S1177,Phosphorylation,
,T1184,Phosphorylation,
,T1189,Phosphorylation,
,S1192,Phosphorylation,
,S1209,Phosphorylation,
,S1232,Phosphorylation,
,S1243,Phosphorylation,
,Y1254,Phosphorylation,
,S1257,Phosphorylation,
,T1265,Phosphorylation,
,T1266,Phosphorylation,
,S1269,Phosphorylation,
,S1271,Phosphorylation,
,S1294,Phosphorylation,
,S1297,Phosphorylation,
,S1307,Phosphorylation,
,S1309,Phosphorylation,
,S1314,Phosphorylation,
,Y1323,Phosphorylation,
,Y1326,Phosphorylation,
,S1327,Phosphorylation,
,T1328,Phosphorylation,
,T1335,Phosphorylation,
,S1337,Phosphorylation,
,S1340,Phosphorylation,
,S1343,Phosphorylation,
,Y1345,Phosphorylation,
,S1349,Phosphorylation,
,Y1359,Phosphorylation,
,S1371,Phosphorylation,
,S1381,Phosphorylation,
,T1383,Phosphorylation,
,S1393,Phosphorylation,
,S1400,Phosphorylation,
,Y1404,Phosphorylation,
,T1406,Phosphorylation,
,S1413,Phosphorylation,
,S1417,Phosphorylation,
,S1420,Phosphorylation,
,S1421,Phosphorylation,
,S1423,Phosphorylation,
,S1426,Phosphorylation,
,Y1440,Phosphorylation,
,S1441,Phosphorylation,
,S1446,Phosphorylation,
,Y1462,Phosphorylation,
,S1490,Phosphorylation,
,S1492,Phosphorylation,
,T1509,Phosphorylation,
,S1579,Phosphorylation,
,S1583,Phosphorylation,
,S1588,Phosphorylation,
,T1589,Phosphorylation,
,T1665,Phosphorylation,
,T1667,Phosphorylation,
